H2O,CO2,NH3,HCO3-,H+,NH4+,CO32-,OH-,NH2COO-,CH4,Ar,Kr,Xe,1,2,3,4,5,6,7,8,9,10,11,12,13,14,15,16,17,18,19,20,21,22,23,24,25,26,27,28,29,30,31,32,33,34,35,36,37,38,39,40,41,42,43,44,45,46,47,48,49,50,51,52,53,54,55,56,57,58,59,60,61,62,63,64,65,66,67,68,69,70,71,72,73,74,75,76,77,78,79,80,81,82,83,84,85,86,87,88,89,90,91,92,93,94,95,96,97,98,99
0.9938332844001437,0.00043569810051164083,0.005730732156596405,0.0,0.0,0.0,0.0,0.0,0.0,2.827619936611112e-07,1.1624148632897102e-09,5.526691257040511e-10,8.656706725842249e-10,,,,,,,,,,,,,,,,,,,,,,,,,,,,,,,,,,,,,,,,,,,,,,,,,,,,,,,,,,,,,,,,,,,,,,,,,,,,,,,,,,,,,,,,,,,,,,,,,,,
0.9940721655317187,0.0004464699184453168,0.005481006515682563,0.0,0.0,0.0,0.0,0.0,0.0,3.553554714911463e-07,1.3118185479604897e-09,5.427041493567855e-10,8.241592226612397e-10,,,,,,,,,,,,,,,,,,,,,,,,,,,,,,,,,,,,,,,,,,,,,,,,,,,,,,,,,,,,,,,,,,,,,,,,,,,,,,,,,,,,,,,,,,,,,,,,,,,
0.9943454161606787,0.0004541055433789009,0.00520005754833218,0.0,0.0,0.0,0.0,0.0,0.0,4.179739682850641e-07,1.4524366135741883e-09,5.318140158167834e-10,7.893913741778122e-10,,,,,,,,,,,,,,,,,,,,,,,,,,,,,,,,,,,,,,,,,,,,,,,,,,,,,,,,,,,,,,,,,,,,,,,,,,,,,,,,,,,,,,,,,,,,,,,,,,,
0.9946473164456148,0.00045939904105116365,0.004892803414597475,0.0,0.0,0.0,0.0,0.0,0.0,4.782091263643326e-07,1.595047970488899e-09,5.276867272800733e-10,7.668747793571282e-10,,,,,,,,,,,,,,,,,,,,,,,,,,,,,,,,,,,,,,,,,,,,,,,,,,,,,,,,,,,,,,,,,,,,,,,,,,,,,,,,,,,,,,,,,,,,,,,,,,,
0.9947939938967497,0.00047040347811068384,0.004735063745023333,0.0,0.0,0.0,0.0,0.0,0.0,5.358660619552137e-07,1.7361198239957526e-09,5.262761406766504e-10,7.516583386339997e-10,,,,,,,,,,,,,,,,,,,,,,,,,,,,,,,,,,,,,,,,,,,,,,,,,,,,,,,,,,,,,,,,,,,,,,,,,,,,,,,,,,,,,,,,,,,,,,,,,,,
0.9948980393077361,0.00048292019200090245,0.0046184468022964255,0.0,0.0,0.0,0.0,0.0,0.0,5.905573355813295e-07,1.8756703918483556e-09,5.261338033510428e-10,7.388258928520895e-10,,,,,,,,,,,,,,,,,,,,,,,,,,,,,,,,,,,,,,,,,,,,,,,,,,,,,,,,,,,,,,,,,,,,,,,,,,,,,,,,,,,,,,,,,,,,,,,,,,,
0.9949849280245243,0.0004963468267782258,0.004518077550480753,0.0,0.0,0.0,0.0,0.0,0.0,6.443235360731271e-07,2.0164090417721393e-09,5.283030865644359e-10,7.299692561785915e-10,,,,,,,,,,,,,,,,,,,,,,,,,,,,,,,,,,,,,,,,,,,,,,,,,,,,,,,,,,,,,,,,,,,,,,,,,,,,,,,,,,,,,,,,,,,,,,,,,,,
0.9950557226700887,0.0005096540375242963,0.004433923880176049,0.0,0.0,0.0,0.0,0.0,0.0,6.95999672051715e-07,2.156014693585103e-09,5.312006866418718e-10,7.253243883102169e-10,,,,,,,,,,,,,,,,,,,,,,,,,,,,,,,,,,,,,,,,,,,,,,,,,,,,,,,,,,,,,,,,,,,,,,,,,,,,,,,,,,,,,,,,,,,,,,,,,,,
0.9951394278180291,0.0005227510579433461,0.004337071760422753,0.0,0.0,0.0,0.0,0.0,0.0,7.458133555546062e-07,2.2945002570706443e-09,5.357592614583855e-10,7.199900226264212e-10,,,,,,,,,,,,,,,,,,,,,,,,,,,,,,,,,,,,,,,,,,,,,,,,,,,,,,,,,,,,,,,,,,,,,,,,,,,,,,,,,,,,,,,,,,,,,,,,,,,
0.9951944810269299,0.0005366117434887735,0.004268107976345865,0.0,0.0,0.0,0.0,0.0,0.0,7.955588443756186e-07,2.435104067056425e-09,5.405114069091447e-10,7.187779799348248e-10,,,,,,,,,,,,,,,,,,,,,,,,,,,,,,,,,,,,,,,,,,,,,,,,,,,,,,,,,,,,,,,,,,,,,,,,,,,,,,,,,,,,,,,,,,,,,,,,,,,
0.9952501225954908,0.0005502406400622107,0.004198789039683081,0.0,0.0,0.0,0.0,0.0,0.0,8.438849149493875e-07,2.574956954245319e-09,5.462501237036942e-10,7.186391489408219e-10,,,,,,,,,,,,,,,,,,,,,,,,,,,,,,,,,,,,,,,,,,,,,,,,,,,,,,,,,,,,,,,,,,,,,,,,,,,,,,,,,,,,,,,,,,,,,,,,,,,
0.9953021021849205,0.0005635474109789855,0.004133455366949213,0.0,0.0,0.0,0.0,0.0,0.0,8.910528687047163e-07,2.7140715740484983e-09,5.522324604085125e-10,7.179783943244686e-10,,,,,,,,,,,,,,,,,,,,,,,,,,,,,,,,,,,,,,,,,,,,,,,,,,,,,,,,,,,,,,,,,,,,,,,,,,,,,,,,,,,,,,,,,,,,,,,,,,,
0.9953655686614613,0.0005766780010314367,0.0040568121427511025,0.0,0.0,0.0,0.0,0.0,0.0,9.370661723018274e-07,2.8524447427218003e-09,5.576839642583581e-10,7.184550925125555e-10,,,,,,,,,,,,,,,,,,,,,,,,,,,,,,,,,,,,,,,,,,,,,,,,,,,,,,,,,,,,,,,,,,,,,,,,,,,,,,,,,,,,,,,,,,,,,,,,,,,
0.9954002914459681,0.000589517816388585,0.004009204338487116,0.0,0.0,0.0,0.0,0.0,0.0,9.8212632110266e-07,2.990090108136775e-09,5.642639814636068e-10,7.184810196326489e-10,,,,,,,,,,,,,,,,,,,,,,,,,,,,,,,,,,,,,,,,,,,,,,,,,,,,,,,,,,,,,,,,,,,,,,,,,,,,,,,,,,,,,,,,,,,,,,,,,,,
0.9954491657860185,0.0006031530257182138,0.003946648670011661,0.0,0.0,0.0,0.0,0.0,0.0,1.0280930062602786e-06,3.131116464635775e-09,5.713474549446472e-10,7.227813766513782e-10,,,,,,,,,,,,,,,,,,,,,,,,,,,,,,,,,,,,,,,,,,,,,,,,,,,,,,,,,,,,,,,,,,,,,,,,,,,,,,,,,,,,,,,,,,,,,,,,,,,
0.995496726875418,0.0006154971243872569,0.0038867002559143634,0.0,0.0,0.0,0.0,0.0,0.0,1.0711752720127185e-06,3.2674808818500016e-09,5.778840980422811e-10,7.236434653401786e-10,,,,,,,,,,,,,,,,,,,,,,,,,,,,,,,,,,,,,,,,,,,,,,,,,,,,,,,,,,,,,,,,,,,,,,,,,,,,,,,,,,,,,,,,,,,,,,,,,,,
0.9955356418965187,0.0006286692164508076,0.003834568523586069,0.0,0.0,0.0,0.0,0.0,0.0,1.1156436500822703e-06,3.407589914677377e-09,5.84999141256125e-10,7.272052148200668e-10,,,,,,,,,,,,,,,,,,,,,,,,,,,,,,,,,,,,,,,,,,,,,,,,,,,,,,,,,,,,,,,,,,,,,,,,,,,,,,,,,,,,,,,,,,,,,,,,,,,
0.9955719996696463,0.0006404771799365638,0.003786361428102677,0.0,0.0,0.0,0.0,0.0,0.0,1.15685744776769e-06,3.542686214700198e-09,5.915930709036708e-10,7.305862078141673e-10,,,,,,,,,,,,,,,,,,,,,,,,,,,,,,,,,,,,,,,,,,,,,,,,,,,,,,,,,,,,,,,,,,,,,,,,,,,,,,,,,,,,,,,,,,,,,,,,,,,
0.9956169576358784,0.0006532494101301072,0.0037285880597549143,0.0,0.0,0.0,0.0,0.0,0.0,1.1998799961396455e-06,3.681884185584288e-09,5.988324991082181e-10,7.335238222425332e-10,,,,,,,,,,,,,,,,,,,,,,,,,,,,,,,,,,,,,,,,,,,,,,,,,,,,,,,,,,,,,,,,,,,,,,,,,,,,,,,,,,,,,,,,,,,,,,,,,,,
0.995643966778078,0.0006657693132125365,0.0036890164714288094,0.0,0.0,0.0,0.0,0.0,0.0,1.2422714397113603e-06,3.820718166704658e-09,6.057621240307861e-10,7.393665136230285e-10,,,,,,,,,,,,,,,,,,,,,,,,,,,,,,,,,,,,,,,,,,,,,,,,,,,,,,,,,,,,,,,,,,,,,,,,,,,,,,,,,,,,,,,,,,,,,,,,,,,
0.9956900177497986,0.0006781346676507059,0.0036305583685456943,0.0,0.0,0.0,0.0,0.0,0.0,1.283898269256649e-06,3.959186387188462e-09,6.131958757200291e-10,7.433581351466653e-10,,,,,,,,,,,,,,,,,,,,,,,,,,,,,,,,,,,,,,,,,,,,,,,,,,,,,,,,,,,,,,,,,,,,,,,,,,,,,,,,,,,,,,,,,,,,,,,,,,,
0.9957165762343617,0.0006902542962671655,0.003591838926630203,0.0,0.0,0.0,0.0,0.0,0.0,1.3250780038057716e-06,4.09729275999499e-09,6.203583004463306e-10,7.470828245428594e-10,,,,,,,,,,,,,,,,,,,,,,,,,,,,,,,,,,,,,,,,,,,,,,,,,,,,,,,,,,,,,,,,,,,,,,,,,,,,,,,,,,,,,,,,,,,,,,,,,,,
0.995743694040244,0.0007021613708695045,0.003552773309705981,0.0,0.0,0.0,0.0,0.0,0.0,1.3656639405702208e-06,4.235041837180297e-09,6.28060248455234e-10,7.521472728490299e-10,,,,,,,,,,,,,,,,,,,,,,,,,,,,,,,,,,,,,,,,,,,,,,,,,,,,,,,,,,,,,,,,,,,,,,,,,,,,,,,,,,,,,,,,,,,,,,,,,,,
0.9957879377419662,0.0007139452512903807,0.0034967055438433034,0.0,0.0,0.0,0.0,0.0,0.0,1.4057304252441556e-06,4.339994719524758e-09,6.35524738927653e-10,7.569854722760196e-10,,,,,,,,,,,,,,,,,,,,,,,,,,,,,,,,,,,,,,,,,,,,,,,,,,,,,,,,,,,,,,,,,,,,,,,,,,,,,,,,,,,,,,,,,,,,,,,,,,,
0.995811640545022,0.0007254459582169881,0.0034614623173695306,0.0,0.0,0.0,0.0,0.0,0.0,1.4453460357361385e-06,4.42899414343592e-09,6.42757934422489e-10,7.616028245888331e-10,,,,,,,,,,,,,,,,,,,,,,,,,,,,,,,,,,,,,,,,,,,,,,,,,,,,,,,,,,,,,,,,,,,,,,,,,,,,,,,,,,,,,,,,,,,,,,,,,,,
0.9958350333628995,0.0007368149867097854,0.003426661370402481,0.0,0.0,0.0,0.0,0.0,0.0,1.4843474867253738e-06,4.516669783361865e-09,6.497664934965114e-10,7.660049445740484e-10,,,,,,,,,,,,,,,,,,,,,,,,,,,,,,,,,,,,,,,,,,,,,,,,,,,,,,,,,,,,,,,,,,,,,,,,,,,,,,,,,,,,,,,,,,,,,,,,,,,
0.9958749299735985,0.0007480136399427477,0.0033755273251446045,0.0,0.0,0.0,0.0,0.0,0.0,1.52303141397009e-06,4.603087721140534e-09,6.565570979340736e-10,7.701981601580924e-10,,,,,,,,,,,,,,,,,,,,,,,,,,,,,,,,,,,,,,,,,,,,,,,,,,,,,,,,,,,,,,,,,,,,,,,,,,,,,,,,,,,,,,,,,,,,,,,,,,,
0.9958940697916652,0.0007590023130368887,0.0033453607769902967,0.0,0.0,0.0,0.0,0.0,0.0,1.5609899111589664e-06,4.688696968993773e-09,6.63930490903829e-10,7.757690531006782e-10,,,,,,,,,,,,,,,,,,,,,,,,,,,,,,,,,,,,,,,,,,,,,,,,,,,,,,,,,,,,,,,,,,,,,,,,,,,,,,,,,,,,,,,,,,,,,,,,,,,
0.9959240800614684,0.0007705878849954656,0.0033037254082949013,0.0,0.0,0.0,0.0,0.0,0.0,1.6004169626635293e-06,4.776260977645554e-09,6.716597205985638e-10,7.803579774628219e-10,,,,,,,,,,,,,,,,,,,,,,,,,,,,,,,,,,,,,,,,,,,,,,,,,,,,,,,,,,,,,,,,,,,,,,,,,,,,,,,,,,,,,,,,,,,,,,,,,,,
0.9959506824112737,0.0007819634345181145,0.003265708519884206,0.0,0.0,0.0,0.0,0.0,0.0,1.639306320026982e-06,4.862453026958079e-09,6.792132996124996e-10,7.863375943673543e-10,,,,,,,,,,,,,,,,,,,,,,,,,,,,,,,,,,,,,,,,,,,,,,,,,,,,,,,,,,,,,,,,,,,,,,,,,,,,,,,,,,,,,,,,,,,,,,,,,,,
0.9959797915947376,0.0007924650972249729,0.003226060697863108,0.0,0.0,0.0,0.0,0.0,0.0,1.6761878735670541e-06,4.944892408664464e-09,6.860353272705742e-10,7.913729449206152e-10,,,,,,,,,,,,,,,,,,,,,,,,,,,,,,,,,,,,,,,,,,,,,,,,,,,,,,,,,,,,,,,,,,,,,,,,,,,,,,,,,,,,,,,,,,,,,,,,,,,
0.9960026828481937,0.000802836732822331,0.003192761353196496,0.0,0.0,0.0,0.0,0.0,0.0,1.7125505185046294e-06,5.026345229854936e-09,6.926796472760001e-10,7.962440488637217e-10,,,,,,,,,,,,,,,,,,,,,,,,,,,,,,,,,,,,,,,,,,,,,,,,,,,,,,,,,,,,,,,,,,,,,,,,,,,,,,,,,,,,,,,,,,,,,,,,,,,
0.9960228512237914,0.0008145003521768417,0.0031608894688330007,0.0,0.0,0.0,0.0,0.0,0.0,1.752338513566183e-06,5.1130634577627985e-09,7.010805360523882e-10,8.025411626181875e-10,,,,,,,,,,,,,,,,,,,,,,,,,,,,,,,,,,,,,,,,,,,,,,,,,,,,,,,,,,,,,,,,,,,,,,,,,,,,,,,,,,,,,,,,,,,,,,,,,,,
0.9960471741926076,0.0008245592842129174,0.0031264717140145376,0.0,0.0,0.0,0.0,0.0,0.0,1.7881011169300018e-06,5.192752542828721e-09,7.081952137150361e-10,8.071003569926429e-10,,,,,,,,,,,,,,,,,,,,,,,,,,,,,,,,,,,,,,,,,,,,,,,,,,,,,,,,,,,,,,,,,,,,,,,,,,,,,,,,,,,,,,,,,,,,,,,,,,,
0.9960703318892586,0.0008352579439091238,0.003092578218799003,0.0,0.0,0.0,0.0,0.0,0.0,1.8251458010230816e-06,5.274977038737725e-09,7.149484117748263e-10,8.123066886259045e-10,,,,,,,,,,,,,,,,,,,,,,,,,,,,,,,,,,,,,,,,,,,,,,,,,,,,,,,,,,,,,,,,,,,,,,,,,,,,,,,,,,,,,,,,,,,,,,,,,,,
0.996090253261066,0.0008457869529139527,0.0030620907342024995,0.0,0.0,0.0,0.0,0.0,0.0,1.862156030904737e-06,5.356080086693665e-09,7.223370425478275e-10,8.173694049774324e-10,,,,,,,,,,,,,,,,,,,,,,,,,,,,,,,,,,,,,,,,,,,,,,,,,,,,,,,,,,,,,,,,,,,,,,,,,,,,,,,,,,,,,,,,,,,,,,,,,,,
0.996109356204199,0.0008554200914315683,0.003033320022239951,0.0,0.0,0.0,0.0,0.0,0.0,1.8966971195692674e-06,5.432972174191345e-09,7.289966669455116e-10,8.23041016031189e-10,,,,,,,,,,,,,,,,,,,,,,,,,,,,,,,,,,,,,,,,,,,,,,,,,,,,,,,,,,,,,,,,,,,,,,,,,,,,,,,,,,,,,,,,,,,,,,,,,,,
0.9961293838099509,0.0008664561752920039,0.003002217912203349,0.0,0.0,0.0,0.0,0.0,0.0,1.935020977556715e-06,5.51620561542985e-09,7.36708324528907e-10,8.286621967848174e-10,,,,,,,,,,,,,,,,,,,,,,,,,,,,,,,,,,,,,,,,,,,,,,,,,,,,,,,,,,,,,,,,,,,,,,,,,,,,,,,,,,,,,,,,,,,,,,,,,,,
0.9961492749278436,0.0008758649231954012,0.002972883862525229,0.0,0.0,0.0,0.0,0.0,0.0,1.969116794991358e-06,5.591690989473422e-09,7.43879526406436e-10,8.340703352283411e-10,,,,,,,,,,,,,,,,,,,,,,,,,,,,,,,,,,,,,,,,,,,,,,,,,,,,,,,,,,,,,,,,,,,,,,,,,,,,,,,,,,,,,,,,,,,,,,,,,,,
0.996168481518359,0.000885848072848443,0.002943658283732357,0.0,0.0,0.0,0.0,0.0,0.0,2.004865950663471e-06,5.6697333747482354e-09,7.507485001867742e-10,8.386277938978528e-10,,,,,,,,,,,,,,,,,,,,,,,,,,,,,,,,,,,,,,,,,,,,,,,,,,,,,,,,,,,,,,,,,,,,,,,,,,,,,,,,,,,,,,,,,,,,,,,,,,,
0.9961878982889835,0.0008957898269437007,0.002914264264634993,0.0,0.0,0.0,0.0,0.0,0.0,2.040270155558659e-06,5.74718297277439e-09,7.57490762249362e-10,8.446085153722837e-10,,,,,,,,,,,,,,,,,,,,,,,,,,,,,,,,,,,,,,,,,,,,,,,,,,,,,,,,,,,,,,,,,,,,,,,,,,,,,,,,,,,,,,,,,,,,,,,,,,,
0.9962041855343278,0.0009055799054300476,0.002888151518080741,0.0,0.0,0.0,0.0,0.0,0.0,2.0756027151404943e-06,5.824071375152007e-09,7.648939165268233e-10,8.504810507271873e-10,,,,,,,,,,,,,,,,,,,,,,,,,,,,,,,,,,,,,,,,,,,,,,,,,,,,,,,,,,,,,,,,,,,,,,,,,,,,,,,,,,,,,,,,,,,,,,,,,,,
0.9962211526952519,0.0009152316418656188,0.0028614977245923255,0.0,0.0,0.0,0.0,0.0,0.0,2.11040942928348e-06,5.900425414542391e-09,7.72188366576525e-10,8.56247232080747e-10,,,,,,,,,,,,,,,,,,,,,,,,,,,,,,,,,,,,,,,,,,,,,,,,,,,,,,,,,,,,,,,,,,,,,,,,,,,,,,,,,,,,,,,,,,,,,,,,,,,
0.9962385436393213,0.0009248164839194423,0.002834487054727926,0.0,0.0,0.0,0.0,0.0,0.0,2.1452056487882687e-06,5.975881572798779e-09,7.785927883075134e-10,8.619082836407339e-10,,,,,,,,,,,,,,,,,,,,,,,,,,,,,,,,,,,,,,,,,,,,,,,,,,,,,,,,,,,,,,,,,,,,,,,,,,,,,,,,,,,,,,,,,,,,,,,,,,,
0.9962562600979002,0.0009342834512353813,0.002807268976822354,0.0,0.0,0.0,0.0,0.0,0.0,2.1797700673428313e-06,6.050845867189977e-09,7.856626587228577e-10,8.674662334020679e-10,,,,,,,,,,,,,,,,,,,,,,,,,,,,,,,,,,,,,,,,,,,,,,,,,,,,,,,,,,,,,,,,,,,,,,,,,,,,,,,,,,,,,,,,,,,,,,,,,,,
0.9962691857244418,0.0009444658263219559,0.002784124431325293,0.0,0.0,0.0,0.0,0.0,0.0,2.2162215778956983e-06,6.1292791069034735e-09,7.93271320547965e-10,8.737828085321595e-10,,,,,,,,,,,,,,,,,,,,,,,,,,,,,,,,,,,,,,,,,,,,,,,,,,,,,,,,,,,,,,,,,,,,,,,,,,,,,,,,,,,,,,,,,,,,,,,,,,,
0.9962856664189511,0.0009528510094118051,0.002759226855199253,0.0,0.0,0.0,0.0,0.0,0.0,2.2478396525101063e-06,6.199009182393591e-09,7.994955266892491e-10,8.782805331696251e-10,,,,,,,,,,,,,,,,,,,,,,,,,,,,,,,,,,,,,,,,,,,,,,,,,,,,,,,,,,,,,,,,,,,,,,,,,,,,,,,,,,,,,,,,,,,,,,,,,,,
0.9962999798356382,0.0009628677649998286,0.0027348603894896406,0.0,0.0,0.0,0.0,0.0,0.0,2.284042281352238e-06,6.27626921546398e-09,8.06913442143334e-10,8.844083493032231e-10,,,,,,,,,,,,,,,,,,,,,,,,,,,,,,,,,,,,,,,,,,,,,,,,,,,,,,,,,,,,,,,,,,,,,,,,,,,,,,,,,,,,,,,,,,,,,,,,,,,
0.99631581819396,0.0009718600867589746,0.0027099959178386607,0.0,0.0,0.0,0.0,0.0,0.0,2.3177495261445497e-06,6.348753567742556e-09,8.135869018438502e-10,8.895757159129196e-10,,,,,,,,,,,,,,,,,,,,,,,,,,,,,,,,,,,,,,,,,,,,,,,,,,,,,,,,,,,,,,,,,,,,,,,,,,,,,,,,,,,,,,,,,,,,,,,,,,,
0.9963319372858611,0.0009808449123891497,0.002684858804736966,0.0,0.0,0.0,0.0,0.0,0.0,2.3508613655513055e-06,6.420838091138027e-09,8.201629228787384e-10,8.946461506584064e-10,,,,,,,,,,,,,,,,,,,,,,,,,,,,,,,,,,,,,,,,,,,,,,,,,,,,,,,,,,,,,,,,,,,,,,,,,,,,,,,,,,,,,,,,,,,,,,,,,,,
0.9963435448499322,0.0009905143263899455,0.0026635459394364273,0.0,0.0,0.0,0.0,0.0,0.0,2.3866593178063657e-06,6.496323972604409e-09,8.280920402354692e-10,9.005077163264646e-10,,,,,,,,,,,,,,,,,,,,,,,,,,,,,,,,,,,,,,,,,,,,,,,,,,,,,,,,,,,,,,,,,,,,,,,,,,,,,,,,,,,,,,,,,,,,,,,,,,,
0.9963568796289731,0.0009992818428202481,0.0026414107935230063,0.0,0.0,0.0,0.0,0.0,0.0,2.4194259256861877e-06,6.567325327927912e-09,8.34495574577877e-10,9.069369581757439e-10,,,,,,,,,,,,,,,,,,,,,,,,,,,,,,,,,,,,,,,,,,,,,,,,,,,,,,,,,,,,,,,,,,,,,,,,,,,,,,,,,,,,,,,,,,,,,,,,,,,
0.9963709348867774,0.0010079472927257457,0.0026186572675512827,0.0,0.0,0.0,0.0,0.0,0.0,2.452162404346818e-06,6.63798163576233e-09,8.408069572671438e-10,9.117524728077778e-10,,,,,,,,,,,,,,,,,,,,,,,,,,,,,,,,,,,,,,,,,,,,,,,,,,,,,,,,,,,,,,,,,,,,,,,,,,,,,,,,,,,,,,,,,,,,,,,,,,,
0.9963855362351214,0.0010165192670519218,0.002595451144666442,0.0,0.0,0.0,0.0,0.0,0.0,2.4848809529807236e-06,6.707923993880709e-09,8.47805405390288e-10,9.164778586355864e-10,,,,,,,,,,,,,,,,,,,,,,,,,,,,,,,,,,,,,,,,,,,,,,,,,,,,,,,,,,,,,,,,,,,,,,,,,,,,,,,,,,,,,,,,,,,,,,,,,,,
0.9963973467606309,0.0010249471108186967,0.0025751804666735117,0.0,0.0,0.0,0.0,0.0,0.0,2.5171077281053104e-06,6.7775505091480354e-09,8.539474433029342e-10,9.226509398087626e-10,,,,,,,,,,,,,,,,,,,,,,,,,,,,,,,,,,,,,,,,,,,,,,,,,,,,,,,,,,,,,,,,,,,,,,,,,,,,,,,,,,,,,,,,,,,,,,,,,,,
0.9964085306237248,0.001034262671085349,0.002554646252683323,0.0,0.0,0.0,0.0,0.0,0.0,2.5518120293551196e-06,6.85087659320225e-09,8.614724433577509e-10,9.281280546259204e-10,,,,,,,,,,,,,,,,,,,,,,,,,,,,,,,,,,,,,,,,,,,,,,,,,,,,,,,,,,,,,,,,,,,,,,,,,,,,,,,,,,,,,,,,,,,,,,,,,,,
0.9964214136479327,0.0010424964935970334,0.002533497233734878,0.0,0.0,0.0,0.0,0.0,0.0,2.583903948568079e-06,6.919184908539744e-09,8.674545750149659e-10,9.341474738948986e-10,,,,,,,,,,,,,,,,,,,,,,,,,,,,,,,,,,,,,,,,,,,,,,,,,,,,,,,,,,,,,,,,,,,,,,,,,,,,,,,,,,,,,,,,,,,,,,,,,,,
0.9964348754716038,0.0010507316253926524,0.0025117685377400445,0.0,0.0,0.0,0.0,0.0,0.0,2.615565349998602e-06,6.987220641818617e-09,8.741277383166335e-10,9.385651734214676e-10,,,,,,,,,,,,,,,,,,,,,,,,,,,,,,,,,,,,,,,,,,,,,,,,,,,,,,,,,,,,,,,,,,,,,,,,,,,,,,,,,,,,,,,,,,,,,,,,,,,
0.9964442399090562,0.0010597776323324041,0.0024933237092043606,0.0,0.0,0.0,0.0,0.0,0.0,2.6498631144696417e-06,7.059501811945316e-09,8.814352123518891e-10,9.4535550988783e-10,,,,,,,,,,,,,,,,,,,,,,,,,,,,,,,,,,,,,,,,,,,,,,,,,,,,,,,,,,,,,,,,,,,,,,,,,,,,,,,,,,,,,,,,,,,,,,,,,,,
0.9964554517950497,0.0010678023429353991,0.0024740556444073918,0.0,0.0,0.0,0.0,0.0,0.0,2.681254109600839e-06,7.126681676398422e-09,8.871893696781952e-10,9.49627098882798e-10,,,,,,,,,,,,,,,,,,,,,,,,,,,,,,,,,,,,,,,,,,,,,,,,,,,,,,,,,,,,,,,,,,,,,,,,,,,,,,,,,,,,,,,,,,,,,,,,,,,
0.9964662233014212,0.001076669934957209,0.0024543823316378437,0.0,0.0,0.0,0.0,0.0,0.0,2.7153835147929673e-06,7.1978315305682406e-09,8.943553749736228e-10,9.56281990151415e-10,,,,,,,,,,,,,,,,,,,,,,,,,,,,,,,,,,,,,,,,,,,,,,,,,,,,,,,,,,,,,,,,,,,,,,,,,,,,,,,,,,,,,,,,,,,,,,,,,,,
0.9964785069442013,0.001084515101615172,0.0024342225139701197,0.0,0.0,0.0,0.0,0.0,0.0,2.7463148782188647e-06,7.264191191909673e-09,9.007341516687885e-10,9.604098973775744e-10,,,,,,,,,,,,,,,,,,,,,,,,,,,,,,,,,,,,,,,,,,,,,,,,,,,,,,,,,,,,,,,,,,,,,,,,,,,,,,,,,,,,,,,,,,,,,,,,,,,
0.9964868496033416,0.001093292306412932,0.002417068783472252,0.0,0.0,0.0,0.0,0.0,0.0,2.7800974341240785e-06,7.334634578021774e-09,9.077723634969523e-10,9.669321656659347e-10,,,,,,,,,,,,,,,,,,,,,,,,,,,,,,,,,,,,,,,,,,,,,,,,,,,,,,,,,,,,,,,,,,,,,,,,,,,,,,,,,,,,,,,,,,,,,,,,,,,
0.9964971400826901,0.001100983585962408,0.002399056151469943,0.0,0.0,0.0,0.0,0.0,0.0,2.8108931907774184e-06,7.400223484343401e-09,9.140146914236395e-10,9.72448652480794e-10,,,,,,,,,,,,,,,,,,,,,,,,,,,,,,,,,,,,,,,,,,,,,,,,,,,,,,,,,,,,,,,,,,,,,,,,,,,,,,,,,,,,,,,,,,,,,,,,,,,
0.9965084493799173,0.001108604000390966,0.002380095636904737,0.0,0.0,0.0,0.0,0.0,0.0,2.8416209921377097e-06,7.46523176339243e-09,9.201877689418211e-10,9.76375168660552e-10,,,,,,,,,,,,,,,,,,,,,,,,,,,,,,,,,,,,,,,,,,,,,,,,,,,,,,,,,,,,,,,,,,,,,,,,,,,,,,,,,,,,,,,,,,,,,,,,,,,
0.996512834852074,0.0011171381147277175,0.0023671427469643814,0.0,0.0,0.0,0.0,0.0,0.0,2.8748416238108527e-06,7.534861500099882e-09,9.270379365249446e-10,9.827106519084734e-10,,,,,,,,,,,,,,,,,,,,,,,,,,,,,,,,,,,,,,,,,,,,,,,,,,,,,,,,,,,,,,,,,,,,,,,,,,,,,,,,,,,,,,,,,,,,,,,,,,,
0.9965198294727764,0.0011245854255938223,0.002352670553903187,0.0,0.0,0.0,0.0,0.0,0.0,2.9050274581761473e-06,7.599160798728758e-09,9.330798325767418e-10,9.880277483896833e-10,,,,,,,,,,,,,,,,,,,,,,,,,,,,,,,,,,,,,,,,,,,,,,,,,,,,,,,,,,,,,,,,,,,,,,,,,,,,,,,,,,,,,,,,,,,,,,,,,,,
0.996536802670318,0.0011329742616095406,0.0023272751571279137,0.0,0.0,0.0,0.0,0.0,0.0,2.938309079899646e-06,7.667798833478684e-09,9.398103628551405e-10,9.942553459940687e-10,,,,,,,,,,,,,,,,,,,,,,,,,,,,,,,,,,,,,,,,,,,,,,,,,,,,,,,,,,,,,,,,,,,,,,,,,,,,,,,,,,,,,,,,,,,,,,,,,,,
0.9965378745777265,0.001140274576294097,0.002318873163422487,0.0,0.0,0.0,0.0,0.0,0.0,2.968005955050123e-06,7.73142265038131e-09,9.457242751865206e-10,9.994550021766071e-10,,,,,,,,,,,,,,,,,,,,,,,,,,,,,,,,,,,,,,,,,,,,,,,,,,,,,,,,,,,,,,,,,,,,,,,,,,,,,,,,,,,,,,,,,,,,,,,,,,,
0.9965500355263254,0.0011485422114725047,0.0022984116007409845,0.0,0.0,0.0,0.0,0.0,0.0,3.000904811381583e-06,7.799485458806134e-09,9.53110007503965e-10,1.004054262479306e-09,,,,,,,,,,,,,,,,,,,,,,,,,,,,,,,,,,,,,,,,,,,,,,,,,,,,,,,,,,,,,,,,,,,,,,,,,,,,,,,,,,,,,,,,,,,,,,,,,,,
0.9965632137549784,0.0011557180723721877,0.002278027661726841,0.0,0.0,0.0,0.0,0.0,0.0,3.030680806114587e-06,7.862085094232705e-09,9.589073117891298e-10,1.0091242345917672e-09,,,,,,,,,,,,,,,,,,,,,,,,,,,,,,,,,,,,,,,,,,,,,,,,,,,,,,,,,,,,,,,,,,,,,,,,,,,,,,,,,,,,,,,,,,,,,,,,,,,
0.9965692014720775,0.0011638272672442732,0.0022638981122962824,0.0,0.0,0.0,0.0,0.0,0.0,3.0632382361589127e-06,7.929601959763676e-09,9.65416360028223e-10,1.0151272254347785e-09,,,,,,,,,,,,,,,,,,,,,,,,,,,,,,,,,,,,,,,,,,,,,,,,,,,,,,,,,,,,,,,,,,,,,,,,,,,,,,,,,,,,,,,,,,,,,,,,,,,
0.9965773244812643,0.0011708450378434972,0.002248727856426011,0.0,0.0,0.0,0.0,0.0,0.0,3.092641689642799e-06,7.9915978512716e-09,9.7109257792772e-10,1.0200861572681692e-09,,,,,,,,,,,,,,,,,,,,,,,,,,,,,,,,,,,,,,,,,,,,,,,,,,,,,,,,,,,,,,,,,,,,,,,,,,,,,,,,,,,,,,,,,,,,,,,,,,,
0.9965792371666199,0.0011788205775532703,0.0022388072733386145,0.0,0.0,0.0,0.0,0.0,0.0,3.124919637241194e-06,8.058601693929848e-09,9.782610316345694e-10,1.0259883123317814e-09,,,,,,,,,,,,,,,,,,,,,,,,,,,,,,,,,,,,,,,,,,,,,,,,,,,,,,,,,,,,,,,,,,,,,,,,,,,,,,,,,,,,,,,,,,,,,,,,,,,
0.9965840262485014,0.0011857024700879554,0.002227107140919586,0.0,0.0,0.0,0.0,0.0,0.0,3.1540058063929296e-06,8.120021057167983e-09,9.838260877933556e-10,1.0308373787003335e-09,,,,,,,,,,,,,,,,,,,,,,,,,,,,,,,,,,,,,,,,,,,,,,,,,,,,,,,,,,,,,,,,,,,,,,,,,,,,,,,,,,,,,,,,,,,,,,,,,,,
0.9965992223350607,0.0011935659120751129,0.002204014982332746,0.0,0.0,0.0,0.0,0.0,0.0,3.186557607880435e-06,8.186158953706419e-09,9.901238387719023e-10,1.0366406811540662e-09,,,,,,,,,,,,,,,,,,,,,,,,,,,,,,,,,,,,,,,,,,,,,,,,,,,,,,,,,,,,,,,,,,,,,,,,,,,,,,,,,,,,,,,,,,,,,,,,,,,
0.9965987614574214,0.0012003309108526458,0.002197682000858089,0.0,0.0,0.0,0.0,0.0,0.0,3.215346507853074e-06,8.246638453224129e-09,9.963406783514502e-10,1.0413808180001899e-09,,,,,,,,,,,,,,,,,,,,,,,,,,,,,,,,,,,,,,,,,,,,,,,,,,,,,,,,,,,,,,,,,,,,,,,,,,,,,,,,,,,,,,,,,,,,,,,,,,,
0.9966097517030684,0.0012080432150841564,0.002178947522706026,0.0,0.0,0.0,0.0,0.0,0.0,3.2471971981729385e-06,8.312315108415026e-09,1.0025406540657459e-09,1.0470877210538282e-09,,,,,,,,,,,,,,,,,,,,,,,,,,,,,,,,,,,,,,,,,,,,,,,,,,,,,,,,,,,,,,,,,,,,,,,,,,,,,,,,,,,,,,,,,,,,,,,,,,,
0.9966175169657089,0.0012157238326613005,0.002163469510096331,0.0,0.0,0.0,0.0,0.0,0.0,3.279251721659846e-06,8.377602052947164e-09,1.0094600756611524e-09,1.0527495803668272e-09,,,,,,,,,,,,,,,,,,,,,,,,,,,,,,,,,,,,,,,,,,,,,,,,,,,,,,,,,,,,,,,,,,,,,,,,,,,,,,,,,,,,,,,,,,,,,,,,,,,
0.9966269405403922,0.0012223013606143208,0.002147440102712948,0.0,0.0,0.0,0.0,0.0,0.0,3.307486677430849e-06,8.43751391487338e-09,1.0147547567650723e-09,1.0573345181845271e-09,,,,,,,,,,,,,,,,,,,,,,,,,,,,,,,,,,,,,,,,,,,,,,,,,,,,,,,,,,,,,,,,,,,,,,,,,,,,,,,,,,,,,,,,,,,,,,,,,,,
0.9966300072923262,0.0012298605542537381,0.00213678264001987,0.0,0.0,0.0,0.0,0.0,0.0,3.3389265367797773e-06,8.502381827953672e-09,1.0215789370502422e-09,1.0629027018293887e-09,,,,,,,,,,,,,,,,,,,,,,,,,,,,,,,,,,,,,,,,,,,,,,,,,,,,,,,,,,,,,,,,,,,,,,,,,,,,,,,,,,,,,,,,,,,,,,,,,,,
0.9966356544387485,0.001236256095441929,0.002124711780890769,0.0,0.0,0.0,0.0,0.0,0.0,3.3670285664204318e-06,8.561427753715485e-09,1.0275387681044873e-09,1.0673858115423758e-09,,,,,,,,,,,,,,,,,,,,,,,,,,,,,,,,,,,,,,,,,,,,,,,,,,,,,,,,,,,,,,,,,,,,,,,,,,,,,,,,,,,,,,,,,,,,,,,,,,,
0.9966515278530301,0.0012437164474206612,0.002101346553508418,0.0,0.0,0.0,0.0,0.0,0.0,3.3984141538240724e-06,8.625515434451034e-09,1.0335095403757e-09,1.0728620163895767e-09,,,,,,,,,,,,,,,,,,,,,,,,,,,,,,,,,,,,,,,,,,,,,,,,,,,,,,,,,,,,,,,,,,,,,,,,,,,,,,,,,,,,,,,,,,,,,,,,,,,
0.9966495217347258,0.00125052997711659,0.0020965092490014673,0.0,0.0,0.0,0.0,0.0,0.0,3.4282347425553653e-06,8.686859013019176e-09,1.0397844137635542e-09,1.077770159041143e-09,,,,,,,,,,,,,,,,,,,,,,,,,,,,,,,,,,,,,,,,,,,,,,,,,,,,,,,,,,,,,,,,,,,,,,,,,,,,,,,,,,,,,,,,,,,,,,,,,,,
0.996663022545665,0.0012573326421724633,0.0020761761643026573,0.0,0.0,0.0,0.0,0.0,0.0,3.4577698934094e-06,8.747808981846925e-09,1.046015238384634e-09,1.084142191834351e-09,,,,,,,,,,,,,,,,,,,,,,,,,,,,,,,,,,,,,,,,,,,,,,,,,,,,,,,,,,,,,,,,,,,,,,,,,,,,,,,,,,,,,,,,,,,,,,,,,,,
0.9966711659061869,0.0012645955353501475,0.002060738710182308,0.0,0.0,0.0,0.0,0.0,0.0,3.4888957531392157e-06,8.81116988795087e-09,1.051856817797815e-09,1.0895005420777608e-09,,,,,,,,,,,,,,,,,,,,,,,,,,,,,,,,,,,,,,,,,,,,,,,,,,,,,,,,,,,,,,,,,,,,,,,,,,,,,,,,,,,,,,,,,,,,,,,,,,,
0.9966649194626905,0.001270745235668972,0.00206080771548137,0.0,0.0,0.0,0.0,0.0,0.0,3.5165659103018043e-06,8.868926085299475e-09,1.057572337269967e-09,1.0937505272505678e-09,,,,,,,,,,,,,,,,,,,,,,,,,,,,,,,,,,,,,,,,,,,,,,,,,,,,,,,,,,,,,,,,,,,,,,,,,,,,,,,,,,,,,,,,,,,,,,,,,,,
0.9966712828212356,0.0012778946385094754,0.0020472642268129105,0.0,0.0,0.0,0.0,0.0,0.0,3.5472183844266627e-06,8.931943411051249e-09,1.0640926198161704e-09,1.0990214199581832e-09,,,,,,,,,,,,,,,,,,,,,,,,,,,,,,,,,,,,,,,,,,,,,,,,,,,,,,,,,,,,,,,,,,,,,,,,,,,,,,,,,,,,,,,,,,,,,,,,,,,
0.9966753294002197,0.0012850007784336126,0.002036080455166126,0.0,0.0,0.0,0.0,0.0,0.0,3.578197494943594e-06,8.994625068693226e-09,1.069808805309291e-09,1.1042515874950525e-09,,,,,,,,,,,,,,,,,,,,,,,,,,,,,,,,,,,,,,,,,,,,,,,,,,,,,,,,,,,,,,,,,,,,,,,,,,,,,,,,,,,,,,,,,,,,,,,,,,,
0.9966815962810273,0.001290988243735862,0.0020237985926434706,0.0,0.0,0.0,0.0,0.0,0.0,3.6056476260450596e-06,9.051220873749793e-09,1.0753857389772338e-09,1.1083607594870373e-09,,,,,,,,,,,,,,,,,,,,,,,,,,,,,,,,,,,,,,,,,,,,,,,,,,,,,,,,,,,,,,,,,,,,,,,,,,,,,,,,,,,,,,,,,,,,,,,,,,,
0.9966981226506694,0.001297948296317154,0.0020002815453157943,0.0,0.0,0.0,0.0,0.0,0.0,3.6361973163282236e-06,9.113584671773181e-09,1.081782638244655e-09,1.1150139712714636e-09,,,,,,,,,,,,,,,,,,,,,,,,,,,,,,,,,,,,,,,,,,,,,,,,,,,,,,,,,,,,,,,,,,,,,,,,,,,,,,,,,,,,,,,,,,,,,,,,,,,
0.9966945700382172,0.0013048797132331849,0.0019968717697254642,0.0,0.0,0.0,0.0,0.0,0.0,3.6670949210064698e-06,9.175627406478628e-09,1.0881431796178629e-09,1.1201326711766142e-09,,,,,,,,,,,,,,,,,,,,,,,,,,,,,,,,,,,,,,,,,,,,,,,,,,,,,,,,,,,,,,,,,,,,,,,,,,,,,,,,,,,,,,,,,,,,,,,,,,,
0.9967104479647652,0.001310689911708213,0.0019751567907047678,0.0,0.0,0.0,0.0,0.0,0.0,3.693883616824583e-06,9.231493789624715e-09,1.0935931158971343e-09,1.1241179799844942e-09,,,,,,,,,,,,,,,,,,,,,,,,,,,,,,,,,,,,,,,,,,,,,,,,,,,,,,,,,,,,,,,,,,,,,,,,,,,,,,,,,,,,,,,,,,,,,,,,,,,
0.9967031149857937,0.0013175595132184769,0.0019755900714430092,0.0,0.0,0.0,0.0,0.0,0.0,3.72390726637385e-06,9.293247747605977e-09,1.0998771057983382e-09,1.1291536723100325e-09,,,,,,,,,,,,,,,,,,,,,,,,,,,,,,,,,,,,,,,,,,,,,,,,,,,,,,,,,,,,,,,,,,,,,,,,,,,,,,,,,,,,,,,,,,,,,,,,,,,
0.9967119274175673,0.0013243514520847152,0.0019599547023586216,0.0,0.0,0.0,0.0,0.0,0.0,3.7548315129557623e-06,9.354693449522774e-09,1.106125857657291e-09,1.1356570677223809e-09,,,,,,,,,,,,,,,,,,,,,,,,,,,,,,,,,,,,,,,,,,,,,,,,,,,,,,,,,,,,,,,,,,,,,,,,,,,,,,,,,,,,,,,,,,,,,,,,,,,
0.9967220110282471,0.00132995862502412,0.0019442376320053022,0.0,0.0,0.0,0.0,0.0,0.0,3.7810538864569306e-06,9.409865494152552e-09,1.1114512684500157e-09,1.13952052198131e-09,,,,,,,,,,,,,,,,,,,,,,,,,,,,,,,,,,,,,,,,,,,,,,,,,,,,,,,,,,,,,,,,,,,,,,,,,,,,,,,,,,,,,,,,,,,,,,,,,,,
0.9967258191034489,0.001336656897621871,0.0019337011130898878,0.0,0.0,0.0,0.0,0.0,0.0,3.811153861745089e-06,9.470666847397068e-09,1.1168609048098384e-09,1.1444498652415744e-09,,,,,,,,,,,,,,,,,,,,,,,,,,,,,,,,,,,,,,,,,,,,,,,,,,,,,,,,,,,,,,,,,,,,,,,,,,,,,,,,,,,,,,,,,,,,,,,,,,,
0.9967278498266251,0.0013432908104658965,0.0019250059022853307,0.0,0.0,0.0,0.0,0.0,0.0,3.8416556138434515e-06,9.531169419303215e-09,1.1229942155181361e-09,1.150846195422839e-09,,,,,,,,,,,,,,,,,,,,,,,,,,,,,,,,,,,,,,,,,,,,,,,,,,,,,,,,,,,,,,,,,,,,,,,,,,,,,,,,,,,,,,,,,,,,,,,,,,,
0.9967323756976816,0.0013487913879920033,0.0019149536552743637,0.0,0.0,0.0,0.0,0.0,0.0,3.867390597651476e-06,9.585673999057379e-09,1.1281909933470942e-09,1.154589021011547e-09,,,,,,,,,,,,,,,,,,,,,,,,,,,,,,,,,,,,,,,,,,,,,,,,,,,,,,,,,,,,,,,,,,,,,,,,,,,,,,,,,,,,,,,,,,,,,,,,,,,
0.9967318248587034,0.0013552946942624123,0.0019089708592770673,0.0,0.0,0.0,0.0,0.0,0.0,3.897647391077221e-06,9.645935258018834e-09,1.1350160575407866e-09,1.1594149107653414e-09,,,,,,,,,,,,,,,,,,,,,,,,,,,,,,,,,,,,,,,,,,,,,,,,,,,,,,,,,,,,,,,,,,,,,,,,,,,,,,,,,,,,,,,,,,,,,,,,,,,