H2O,CO2,NH3,CH4,Ar,Kr,Xe,1,2,3,4,5,6,7,8,9,10,11,12,13,14,15,16,17,18,19,20,21,22,23,24,25,26,27,28,29,30,31,32,33,34,35,36,37,38,39,40,41,42,43,44,45,46,47,48,49,50,51,52,53,54,55,56,57,58,59,60,61,62,63,64,65,66,67,68,69,70,71,72,73,74,75,76,77,78,79,80,81,82,83,84,85,86,87,88,89,90,91,92,93,94,95,96,97,98,99
580.7597349299779,32200.0,142.0,844.0,2.746000011684373,0.6329999986337498,0.4880000001285225,,,,,,,,,,,,,,,,,,,,,,,,,,,,,,,,,,,,,,,,,,,,,,,,,,,,,,,,,,,,,,,,,,,,,,,,,,,,,,,,,,,,,,,,,,,,,,,,,,,
585.2237212145819,33125.380362780474,136.64937576173816,1032.3099314746114,3.1071897126891344,0.6236917178256306,0.46653071129294565,,,,,,,,,,,,,,,,,,,,,,,,,,,,,,,,,,,,,,,,,,,,,,,,,,,,,,,,,,,,,,,,,,,,,,,,,,,,,,,,,,,,,,,,,,,,,,,,,,,
599.125556733774,34092.42684056884,132.0804597348309,1200.132917831345,3.4683794136938952,0.6174922246733492,0.4524836672051953,,,,,,,,,,,,,,,,,,,,,,,,,,,,,,,,,,,,,,,,,,,,,,,,,,,,,,,,,,,,,,,,,,,,,,,,,,,,,,,,,,,,,,,,,,,,,,,,,,,
608.5529821293661,34761.77244768921,125.82493012434895,1357.0963389046383,3.8295691146986566,0.6168969090575506,0.4432508354421344,,,,,,,,,,,,,,,,,,,,,,,,,,,,,,,,,,,,,,,,,,,,,,,,,,,,,,,,,,,,,,,,,,,,,,,,,,,,,,,,,,,,,,,,,,,,,,,,,,,
618.1097386801473,35875.35677829394,123.28839396866654,1507.0572184871262,4.1907588157034175,0.61945442421268,0.43808897761665067,,,,,,,,,,,,,,,,,,,,,,,,,,,,,,,,,,,,,,,,,,,,,,,,,,,,,,,,,,,,,,,,,,,,,,,,,,,,,,,,,,,,,,,,,,,,,,,,,,,
627.7972745634967,37120.03581414881,121.75159385306455,1649.5807236512892,4.551948516708178,0.623508022522078,0.4342026394750599,,,,,,,,,,,,,,,,,,,,,,,,,,,,,,,,,,,,,,,,,,,,,,,,,,,,,,,,,,,,,,,,,,,,,,,,,,,,,,,,,,,,,,,,,,,,,,,,,,,
635.1489825139744,38377.5718352684,120.22018032427818,1786.7452472216214,4.913138217712938,0.6292727095414855,0.4316826785548518,,,,,,,,,,,,,,,,,,,,,,,,,,,,,,,,,,,,,,,,,,,,,,,,,,,,,,,,,,,,,,,,,,,,,,,,,,,,,,,,,,,,,,,,,,,,,,,,,,,
642.5772537789155,39638.898080687984,119.08353172345588,1918.6805976190092,5.274327918717699,0.6359438984306075,0.4316140873724242,,,,,,,,,,,,,,,,,,,,,,,,,,,,,,,,,,,,,,,,,,,,,,,,,,,,,,,,,,,,,,,,,,,,,,,,,,,,,,,,,,,,,,,,,,,,,,,,,,,
650.0812181643339,40896.74965460597,117.5691889630164,2046.1414484188485,5.635517619722459,0.6446563944657339,0.43110780867505666,,,,,,,,,,,,,,,,,,,,,,,,,,,,,,,,,,,,,,,,,,,,,,,,,,,,,,,,,,,,,,,,,,,,,,,,,,,,,,,,,,,,,,,,,,,,,,,,,,,
655.124311262323,42146.57595038963,116.42241495189755,2169.6504632944093,5.99670732072722,0.6525755018278994,0.4321771113281745,,,,,,,,,,,,,,,,,,,,,,,,,,,,,,,,,,,,,,,,,,,,,,,,,,,,,,,,,,,,,,,,,,,,,,,,,,,,,,,,,,,,,,,,,,,,,,,,,,,
660.2044922689819,43387.13918674765,115.2465303094829,2289.556097559157,6.357897021731979,0.6617330224206767,0.43389333048472356,,,,,,,,,,,,,,,,,,,,,,,,,,,,,,,,,,,,,,,,,,,,,,,,,,,,,,,,,,,,,,,,,,,,,,,,,,,,,,,,,,,,,,,,,,,,,,,,,,,
665.3159889513904,44610.88677803903,114.16016030049279,2406.5744853008086,6.71908672273674,0.6712353843023424,0.43529514077735365,,,,,,,,,,,,,,,,,,,,,,,,,,,,,,,,,,,,,,,,,,,,,,,,,,,,,,,,,,,,,,,,,,,,,,,,,,,,,,,,,,,,,,,,,,,,,,,,,,,
670.4651035650066,45829.379591819015,112.74110614243122,2520.819986924714,7.080276423741501,0.6801440080987526,0.4373912791603186,,,,,,,,,,,,,,,,,,,,,,,,,,,,,,,,,,,,,,,,,,,,,,,,,,,,,,,,,,,,,,,,,,,,,,,,,,,,,,,,,,,,,,,,,,,,,,,,,,,
675.6458353086377,47033.1042264187,112.11060981702951,2632.822729561806,7.4414661247462615,0.6904801383584379,0.43921704709891946,,,,,,,,,,,,,,,,,,,,,,,,,,,,,,,,,,,,,,,,,,,,,,,,,,,,,,,,,,,,,,,,,,,,,,,,,,,,,,,,,,,,,,,,,,,,,,,,,,,
678.2508475583278,48217.08091129768,110.71078970044158,2742.043759259376,7.802655825751022,0.7003326412874791,0.4427795622677138,,,,,,,,,,,,,,,,,,,,,,,,,,,,,,,,,,,,,,,,,,,,,,,,,,,,,,,,,,,,,,,,,,,,,,,,,,,,,,,,,,,,,,,,,,,,,,,,,,,
683.4855478329922,49395.93700272238,109.70568314160099,2849.396554647618,8.163845526755782,0.7107176658841072,0.44513687705845556,,,,,,,,,,,,,,,,,,,,,,,,,,,,,,,,,,,,,,,,,,,,,,,,,,,,,,,,,,,,,,,,,,,,,,,,,,,,,,,,,,,,,,,,,,,,,,,,,,,
686.1153769650905,50553.44143252873,108.57589807462993,2954.7426104344277,8.525035227760544,0.7206826297909193,0.44826911476065023,,,,,,,,,,,,,,,,,,,,,,,,,,,,,,,,,,,,,,,,,,,,,,,,,,,,,,,,,,,,,,,,,,,,,,,,,,,,,,,,,,,,,,,,,,,,,,,,,,,
691.4045751587006,51703.46030309775,107.87504089213772,3057.908928618875,8.886224928765303,0.7312406813547452,0.45220616530019647,,,,,,,,,,,,,,,,,,,,,,,,,,,,,,,,,,,,,,,,,,,,,,,,,,,,,,,,,,,,,,,,,,,,,,,,,,,,,,,,,,,,,,,,,,,,,,,,,,,
694.0609136118936,52839.1169074764,106.56362778076083,3159.6974879269824,9.247414629770065,0.7414345216407897,0.4549764947134404,,,,,,,,,,,,,,,,,,,,,,,,,,,,,,,,,,,,,,,,,,,,,,,,,,,,,,,,,,,,,,,,,,,,,,,,,,,,,,,,,,,,,,,,,,,,,,,,,,,
696.7261520958731,53958.477788022494,105.76438241630737,3259.8695902439695,9.608604330774824,0.7512748791820556,0.4595607176833218,,,,,,,,,,,,,,,,,,,,,,,,,,,,,,,,,,,,,,,,,,,,,,,,,,,,,,,,,,,,,,,,,,,,,,,,,,,,,,,,,,,,,,,,,,,,,,,,,,,
699.4019286566362,55069.453267914665,104.41578479388346,3358.169661235683,9.969794031779585,0.7617718685862557,0.46300853446125545,,,,,,,,,,,,,,,,,,,,,,,,,,,,,,,,,,,,,,,,,,,,,,,,,,,,,,,,,,,,,,,,,,,,,,,,,,,,,,,,,,,,,,,,,,,,,,,,,,,
702.0866663616091,56164.472112954274,103.6267983896534,3455.331430735278,10.330983732784347,0.7719628596617413,0.46630074827066276,,,,,,,,,,,,,,,,,,,,,,,,,,,,,,,,,,,,,,,,,,,,,,,,,,,,,,,,,,,,,,,,,,,,,,,,,,,,,,,,,,,,,,,,,,,,,,,,,,,
704.778766767451,57246.06528472876,102.8213039593204,3551.0541559960875,10.692173433789106,0.7828561343405569,0.4704407428407233,,,,,,,,,,,,,,,,,,,,,,,,,,,,,,,,,,,,,,,,,,,,,,,,,,,,,,,,,,,,,,,,,,,,,,,,,,,,,,,,,,,,,,,,,,,,,,,,,,,
707.479868092708,58321.52441589795,101.51589110412668,3645.5315409951177,10.971363130899075,0.7934858898860933,0.4744530405819592,,,,,,,,,,,,,,,,,,,,,,,,,,,,,,,,,,,,,,,,,,,,,,,,,,,,,,,,,,,,,,,,,,,,,,,,,,,,,,,,,,,,,,,,,,,,,,,,,,,
710.1915775659936,59377.71759841575,100.80757488373226,3738.940027992217,11.210873319885298,0.8038588922359873,0.4783403026050273,,,,,,,,,,,,,,,,,,,,,,,,,,,,,,,,,,,,,,,,,,,,,,,,,,,,,,,,,,,,,,,,,,,,,,,,,,,,,,,,,,,,,,,,,,,,,,,,,,,
712.9124021994476,60426.92162531492,100.10651069251499,3830.939986731803,11.447618002106848,0.8139815685898764,0.48210508137342495,,,,,,,,,,,,,,,,,,,,,,,,,,,,,,,,,,,,,,,,,,,,,,,,,,,,,,,,,,,,,,,,,,,,,,,,,,,,,,,,,,,,,,,,,,,,,,,,,,,
715.6406694151158,61465.81257267004,98.92097237921153,3922.1939883574155,11.681743346859836,0.8238600322266354,0.48574982722410737,,,,,,,,,,,,,,,,,,,,,,,,,,,,,,,,,,,,,,,,,,,,,,,,,,,,,,,,,,,,,,,,,,,,,,,,,,,,,,,,,,,,,,,,,,,,,,,,,,,
718.3780393442868,62491.10568908359,98.34312836673507,4011.8341770764955,11.91438682362149,0.8345001050026299,0.49027689442404404,,,,,,,,,,,,,,,,,,,,,,,,,,,,,,,,,,,,,,,,,,,,,,,,,,,,,,,,,,,,,,,,,,,,,,,,,,,,,,,,,,,,,,,,,,,,,,,,,,,
719.75097270796,63509.57556314988,97.27607451827285,4101.016184425358,12.14470685569296,0.8449306215899659,0.4937077823685227,,,,,,,,,,,,,,,,,,,,,,,,,,,,,,,,,,,,,,,,,,,,,,,,,,,,,,,,,,,,,,,,,,,,,,,,,,,,,,,,,,,,,,,,,,,,,,,,,,,
721.1261941030162,64512.62791158382,96.3118332124658,4188.847827957344,12.37182487905482,0.8551563502742446,0.49802543351683004,,,,,,,,,,,,,,,,,,,,,,,,,,,,,,,,,,,,,,,,,,,,,,,,,,,,,,,,,,,,,,,,,,,,,,,,,,,,,,,,,,,,,,,,,,,,,,,,,,,
723.8835138412824,65506.981709093874,95.43925371934937,4275.963995340528,12.597828374037393,0.8651818471716669,0.5022504685546674,,,,,,,,,,,,,,,,,,,,,,,,,,,,,,,,,,,,,,,,,,,,,,,,,,,,,,,,,,,,,,,,,,,,,,,,,,,,,,,,,,,,,,,,,,,,,,,,,,,
726.6483567084144,66493.998418671,94.74829768589913,4361.970661082927,12.821853355691673,0.8750114700818548,0.5063845718311655,,,,,,,,,,,,,,,,,,,,,,,,,,,,,,,,,,,,,,,,,,,,,,,,,,,,,,,,,,,,,,,,,,,,,,,,,,,,,,,,,,,,,,,,,,,,,,,,,,,
726.6483567084144,67464.91901950564,93.81230959671582,4447.484525075668,13.043002887182153,0.8856493912078993,0.5104293675253984,,,,,,,,,,,,,,,,,,,,,,,,,,,,,,,,,,,,,,,,,,,,,,,,,,,,,,,,,,,,,,,,,,,,,,,,,,,,,,,,,,,,,,,,,,,,,,,,,,,
729.4224049952021,68431.34182331449,93.07945652806202,4532.093487561739,13.263349576117125,0.8961204645964153,0.5143864228139905,,,,,,,,,,,,,,,,,,,,,,,,,,,,,,,,,,,,,,,,,,,,,,,,,,,,,,,,,,,,,,,,,,,,,,,,,,,,,,,,,,,,,,,,,,,,,,,,,,,
730.813727197706,69389.27976244436,92.21823462134535,4615.398060409853,13.482011711338483,0.9054280988793759,0.5182572508202166,,,,,,,,,,,,,,,,,,,,,,,,,,,,,,,,,,,,,,,,,,,,,,,,,,,,,,,,,,,,,,,,,,,,,,,,,,,,,,,,,,,,,,,,,,,,,,,,,,,
732.2073632249793,70334.88794011381,91.45558462555282,4698.512474660595,13.698077858155298,0.9155555454833797,0.5220433133631153,,,,,,,,,,,,,,,,,,,,,,,,,,,,,,,,,,,,,,,,,,,,,,,,,,,,,,,,,,,,,,,,,,,,,,,,,,,,,,,,,,,,,,,,,,,,,,,,,,,
735.001535390427,71274.46935349006,90.87770731841367,4780.5009909111095,13.912608951514972,0.9255259689571457,0.5267460235707854,,,,,,,,,,,,,,,,,,,,,,,,,,,,,,,,,,,,,,,,,,,,,,,,,,,,,,,,,,,,,,,,,,,,,,,,,,,,,,,,,,,,,,,,,,,,,,,,,,,
735.001535390427,72198.98814448716,89.9548684610542,4861.964738443657,14.125686065693914,0.9353423920041636,0.5303831452165167,,,,,,,,,,,,,,,,,,,,,,,,,,,,,,,,,,,,,,,,,,,,,,,,,,,,,,,,,,,,,,,,,,,,,,,,,,,,,,,,,,,,,,,,,,,,,,,,,,,
737.8034205641701,73124.81991785877,89.35221118803274,4942.976383220453,14.337386639567018,0.9460077231989226,0.534939603908241,,,,,,,,,,,,,,,,,,,,,,,,,,,,,,,,,,,,,,,,,,,,,,,,,,,,,,,,,,,,,,,,,,,,,,,,,,,,,,,,,,,,,,,,,,,,,,,,,,,
739.2069788999553,74032.50159703364,88.61503252351199,5023.102615170085,14.546784715717395,0.9555432995461853,0.5384325566662939,,,,,,,,,,,,,,,,,,,,,,,,,,,,,,,,,,,,,,,,,,,,,,,,,,,,,,,,,,,,,,,,,,,,,,,,,,,,,,,,,,,,,,,,,,,,,,,,,,,
740.6145604487554,74938.51063374097,87.87029565942188,5102.427183763091,14.754929701201975,0.964933283453034,0.5428473677292209,,,,,,,,,,,,,,,,,,,,,,,,,,,,,,,,,,,,,,,,,,,,,,,,,,,,,,,,,,,,,,,,,,,,,,,,,,,,,,,,,,,,,,,,,,,,,,,,,,,
742.0244785792715,75833.47499625073,87.22191599516896,5181.528328089776,14.961889934454577,0.975180277252542,0.5472006273454646,,,,,,,,,,,,,,,,,,,,,,,,,,,,,,,,,,,,,,,,,,,,,,,,,,,,,,,,,,,,,,,,,,,,,,,,,,,,,,,,,,,,,,,,,,,,,,,,,,,
743.4366816825274,76718.47113024812,86.5547419235488,5259.455853027478,15.167730941781315,0.9853043516986344,0.5514932683064623,,,,,,,,,,,,,,,,,,,,,,,,,,,,,,,,,,,,,,,,,,,,,,,,,,,,,,,,,,,,,,,,,,,,,,,,,,,,,,,,,,,,,,,,,,,,,,,,,,,
744.8512826887188,77599.50193940946,85.87434273910402,5337.301722493212,15.371515607392363,0.9943076279480545,0.5557261955534321,,,,,,,,,,,,,,,,,,,,,,,,,,,,,,,,,,,,,,,,,,,,,,,,,,,,,,,,,,,,,,,,,,,,,,,,,,,,,,,,,,,,,,,,,,,,,,,,,,,
746.2682300870188,78472.24097109774,85.18515277497137,5414.605473108568,15.57428456836882,1.0041751912007413,0.5599002874063065,,,,,,,,,,,,,,,,,,,,,,,,,,,,,,,,,,,,,,,,,,,,,,,,,,,,,,,,,,,,,,,,,,,,,,,,,,,,,,,,,,,,,,,,,,,,,,,,,,,
746.2682300870188,79332.56512146998,84.49068096207172,5490.9264279458375,15.776096265595923,1.0139259864079966,0.5640163967214102,,,,,,,,,,,,,,,,,,,,,,,,,,,,,,,,,,,,,,,,,,,,,,,,,,,,,,,,,,,,,,,,,,,,,,,,,,,,,,,,,,,,,,,,,,,,,,,,,,,
749.1074647218297,80191.55140095305,83.99368375852622,5566.843685106149,15.976006917936598,1.0235619294360827,0.568075351982971,,,,,,,,,,,,,,,,,,,,,,,,,,,,,,,,,,,,,,,,,,,,,,,,,,,,,,,,,,,,,,,,,,,,,,,,,,,,,,,,,,,,,,,,,,,,,,,,,,,
749.1074647218297,81039.67940817733,83.25955685191565,5642.4074818874615,16.175051990938186,1.0330848742971577,0.5720779583331255,,,,,,,,,,,,,,,,,,,,,,,,,,,,,,,,,,,,,,,,,,,,,,,,,,,,,,,,,,,,,,,,,,,,,,,,,,,,,,,,,,,,,,,,,,,,,,,,,,,
750.5298081835638,81877.91437157453,82.63340447059656,5717.66422270278,16.372283965142866,1.0424966160971463,0.5760249985446917,,,,,,,,,,,,,,,,,,,,,,,,,,,,,,,,,,,,,,,,,,,,,,,,,,,,,,,,,,,,,,,,,,,,,,,,,,,,,,,,,,,,,,,,,,,,,,,,,,,
751.956112945461,82717.15895955072,81.99683384994394,5791.656702411327,16.56873544873272,1.0517988937992182,0.5799172339406284,,,,,,,,,,,,,,,,,,,,,,,,,,,,,,,,,,,,,,,,,,,,,,,,,,,,,,,,,,,,,,,,,,,,,,,,,,,,,,,,,,,,,,,,,,,,,,,,,,,
751.956112945461,83537.71838643144,81.35313387257723,5865.973907578831,16.763455564635166,1.0619933928645688,0.5837554052637859,,,,,,,,,,,,,,,,,,,,,,,,,,,,,,,,,,,,,,,,,,,,,,,,,,,,,,,,,,,,,,,,,,,,,,,,,,,,,,,,,,,,,,,,,,,,,,,,,,,
753.3848358466981,84360.94342041142,80.80491715140933,5939.125291023898,16.957474369980027,1.0710969109818467,0.5885402335477573,,,,,,,,,,,,,,,,,,,,,,,,,,,,,,,,,,,,,,,,,,,,,,,,,,,,,,,,,,,,,,,,,,,,,,,,,,,,,,,,,,,,,,,,,,,,,,,,,,,
754.8159248511089,85177.02253006258,80.23572156829708,6012.193462083163,17.15083796013173,1.0800958701922958,0.5922855809762345,,,,,,,,,,,,,,,,,,,,,,,,,,,,,,,,,,,,,,,,,,,,,,,,,,,,,,,,,,,,,,,,,,,,,,,,,,,,,,,,,,,,,,,,,,,,,,,,,,,
756.2493832579158,85986.66122215513,79.65054775449504,6085.2060779914445,17.34259088365176,1.0899918093531593,0.595978971099481,,,,,,,,,,,,,,,,,,,,,,,,,,,,,,,,,,,,,,,,,,,,,,,,,,,,,,,,,,,,,,,,,,,,,,,,,,,,,,,,,,,,,,,,,,,,,,,,,,,
757.685214369985,86785.51627370348,79.15342441373026,6157.188209609268,17.5337597180813,1.0988007262457693,0.6006210702013921,,,,,,,,,,,,,,,,,,,,,,,,,,,,,,,,,,,,,,,,,,,,,,,,,,,,,,,,,,,,,,,,,,,,,,,,,,,,,,,,,,,,,,,,,,,,,,,,,,,
757.685214369985,87579.47382608829,78.52898474972302,6228.71367975465,17.72338641106592,1.1085095687120843,0.604225187979226,,,,,,,,,,,,,,,,,,,,,,,,,,,,,,,,,,,,,,,,,,,,,,,,,,,,,,,,,,,,,,,,,,,,,,,,,,,,,,,,,,,,,,,,,,,,,,,,,,,
759.1234214938336,88364.08815178399,78.00186149608764,6300.326575043109,17.911495596408948,1.1171338420400598,0.6087792972322265,,,,,,,,,,,,,,,,,,,,,,,,,,,,,,,,,,,,,,,,,,,,,,,,,,,,,,,,,,,,,,,,,,,,,,,,,,,,,,,,,,,,,,,,,,,,,,,,,,,
760.5622726812865,89150.15064537498,77.45483636753602,6371.042174114251,18.099111133345613,1.1266608228008144,0.6122963631292028,,,,,,,,,,,,,,,,,,,,,,,,,,,,,,,,,,,,,,,,,,,,,,,,,,,,,,,,,,,,,,,,,,,,,,,,,,,,,,,,,,,,,,,,,,,,,,,,,,,
760.5622726812865,89922.8445130128,76.89246628109996,6441.425875567364,18.28627162166061,1.1361055530865807,0.6167646404265814,,,,,,,,,,,,,,,,,,,,,,,,,,,,,,,,,,,,,,,,,,,,,,,,,,,,,,,,,,,,,,,,,,,,,,,,,,,,,,,,,,,,,,,,,,,,,,,,,,,
762.0035007686971,90693.16967363891,76.41842805505149,6511.513311872733,18.47201448431602,1.1444691451257114,0.6201967671252416,,,,,,,,,,,,,,,,,,,,,,,,,,,,,,,,,,,,,,,,,,,,,,,,,,,,,,,,,,,,,,,,,,,,,,,,,,,,,,,,,,,,,,,,,,,,,,,,,,,
762.0035007686971,91451.50503128277,75.8169664294569,6581.33760619059,18.65636100613449,1.153739339006983,0.6245812670483792,,,,,,,,,,,,,,,,,,,,,,,,,,,,,,,,,,,,,,,,,,,,,,,,,,,,,,,,,,,,,,,,,,,,,,,,,,,,,,,,,,,,,,,,,,,,,,,,,,,
763.4488500562487,92208.76275730223,75.31265723551698,6650.429511244176,18.84033184228239,1.1629305313693399,0.6279304671112186,,,,,,,,,,,,,,,,,,,,,,,,,,,,,,,,,,,,,,,,,,,,,,,,,,,,,,,,,,,,,,,,,,,,,,,,,,,,,,,,,,,,,,,,,,,,,,,,,,,
763.4488500562487,92960.23430008741,74.78800024107446,6719.344014105926,19.02296162236075,1.172043748901076,0.6322331481756654,,,,,,,,,,,,,,,,,,,,,,,,,,,,,,,,,,,,,,,,,,,,,,,,,,,,,,,,,,,,,,,,,,,,,,,,,,,,,,,,,,,,,,,,,,,,,,,,,,,
764.8965886101743,93706.46927570988,74.3474656895628,6788.106339669361,19.205269613729573,1.1810799919475519,0.636501341045157,,,,,,,,,,,,,,,,,,,,,,,,,,,,,,,,,,,,,,,,,,,,,,,,,,,,,,,,,,,,,,,,,,,,,,,,,,,,,,,,,,,,,,,,,,,,,,,,,,,
766.3467197552629,94447.9799114251,73.87587332531766,6856.739764458663,19.386288701632523,1.1900402355122204,0.6397354376445675,,,,,,,,,,,,,,,,,,,,,,,,,,,,,,,,,,,,,,,,,,,,,,,,,,,,,,,,,,,,,,,,,,,,,,,,,,,,,,,,,,,,,,,,,,,,,,,,,,,
766.3467197552629,95180.24312253024,73.47963523091693,6924.2657357042435,19.56703688689513,1.1989254302075658,0.6439245835448933,,,,,,,,,,,,,,,,,,,,,,,,,,,,,,,,,,,,,,,,,,,,,,,,,,,,,,,,,,,,,,,,,,,,,,,,,,,,,,,,,,,,,,,,,,,,,,,,,,,
767.799246819961,95908.98913443199,73.14511974023597,6991.757782392694,19.746545447978843,1.2077365031590557,0.6480803910319068,,,,,,,,,,,,,,,,,,,,,,,,,,,,,,,,,,,,,,,,,,,,,,,,,,,,,,,,,,,,,,,,,,,,,,,,,,,,,,,,,,,,,,,,,,,,,,,,,,,
767.799246819961,96629.61536399553,72.3612016670333,7059.231520527603,19.924831226996357,1.2164743588649674,0.6522032265169999,,,,,,,,,,,,,,,,,,,,,,,,,,,,,,,,,,,,,,,,,,,,,,,,,,,,,,,,,,,,,,,,,,,,,,,,,,,,,,,,,,,,,,,,,,,,,,,,,,,
769.2541166031355,97347.77860290058,72.21310740779322,7125.7011492166575,20.10291061459275,1.2251398800147524,0.6562934484449122,,,,,,,,,,,,,,,,,,,,,,,,,,,,,,,,,,,,,,,,,,,,,,,,,,,,,,,,,,,,,,,,,,,,,,,,,,,,,,,,,,,,,,,,,,,,,,,,,,,
769.2541166031355,98058.8050756641,71.58140058023365,7192.233924155781,20.279812794769303,1.2347339283159033,0.6593514075032604,,,,,,,,,,,,,,,,,,,,,,,,,,,,,,,,,,,,,,,,,,,,,,,,,,,,,,,,,,,,,,,,,,,,,,,,,,,,,,,,,,,,,,,,,,,,,,,,,,,
770.7114454137384,98768.28603191192,71.05781447435882,7258.838895258023,20.455553135236805,1.2432691169671224,0.6633668072084521,,,,,,,,,,,,,,,,,,,,,,,,,,,,,,,,,,,,,,,,,,,,,,,,,,,,,,,,,,,,,,,,,,,,,,,,,,,,,,,,,,,,,,,,,,,,,,,,,,,
770.7114454137384,99466.48417010467,70.62240348144482,7324.524070404108,20.63114660769208,1.2517344958899528,0.6673506234069169,,,,,,,,,,,,,,,,,,,,,,,,,,,,,,,,,,,,,,,,,,,,,,,,,,,,,,,,,,,,,,,,,,,,,,,,,,,,,,,,,,,,,,,,,,,,,,,,,,,
772.1694785507561,100164.22387346227,70.25892835897719,7390.3514036333045,20.805620525009292,1.2601308679757814,0.6713031851405059,,,,,,,,,,,,,,,,,,,,,,,,,,,,,,,,,,,,,,,,,,,,,,,,,,,,,,,,,,,,,,,,,,,,,,,,,,,,,,,,,,,,,,,,,,,,,,,,,,,
772.1694785507561,100851.69577287533,69.95416939724083,7455.32436665657,20.979988951530203,1.2694590179051528,0.675224814665744,,,,,,,,,,,,,,,,,,,,,,,,,,,,,,,,,,,,,,,,,,,,,,,,,,,,,,,,,,,,,,,,,,,,,,,,,,,,,,,,,,,,,,,,,,,,,,,,,,,
773.6298585313851,101539.65920407488,69.69736617539391,7520.500962785261,21.153278009063225,1.2777309551091633,0.6791158276615716,,,,,,,,,,,,,,,,,,,,,,,,,,,,,,,,,,,,,,,,,,,,,,,,,,,,,,,,,,,,,,,,,,,,,,,,,,,,,,,,,,,,,,,,,,,,,,,,,,,
773.6298585313851,102218.24034128334,68.97976073739812,7585.8805711307705,21.325500924739426,1.2859361870361519,0.6829765334286938,,,,,,,,,,,,,,,,,,,,,,,,,,,,,,,,,,,,,,,,,,,,,,,,,,,,,,,,,,,,,,,,,,,,,,,,,,,,,,,,,,,,,,,,,,,,,,,,,,,
775.0944094378981,102898.14061250859,68.88911282317594,7650.462100857638,21.49667060543063,1.2950754471784713,0.6868072350809532,,,,,,,,,,,,,,,,,,,,,,,,,,,,,,,,,,,,,,,,,,,,,,,,,,,,,,,,,,,,,,,,,,,,,,,,,,,,,,,,,,,,,,,,,,,,,,,,,,,
775.0944094378981,103564.42871029575,68.30677859886576,7714.299747393282,21.66779964928913,1.3031603286559619,0.6906082297291234,,,,,,,,,,,,,,,,,,,,,,,,,,,,,,,,,,,,,,,,,,,,,,,,,,,,,,,,,,,,,,,,,,,,,,,,,,,,,,,,,,,,,,,,,,,,,,,,,,,
775.0944094378981,104228.05021290039,67.82643789946705,7778.444667086199,21.837912176514862,1.3121806578929522,0.6943798086574933,,,,,,,,,,,,,,,,,,,,,,,,,,,,,,,,,,,,,,,,,,,,,,,,,,,,,,,,,,,,,,,,,,,,,,,,,,,,,,,,,,,,,,,,,,,,,,,,,,,
776.5613763037708,104894.30261099004,67.42905267861528,7841.889121628856,22.008020061981586,1.3201477660984675,0.6981222574935934,,,,,,,,,,,,,,,,,,,,,,,,,,,,,,,,,,,,,,,,,,,,,,,,,,,,,,,,,,,,,,,,,,,,,,,,,,,,,,,,,,,,,,,,,,,,,,,,,,,
776.5613763037708,105548.16515053771,67.09915767255544,7904.681467117846,22.177146453221948,1.3290516818045803,0.7018358563713927,,,,,,,,,,,,,,,,,,,,,,,,,,,,,,,,,,,,,,,,,,,,,,,,,,,,,,,,,,,,,,,,,,,,,,,,,,,,,,,,,,,,,,,,,,,,,,,,,,,
778.0307053881336,106200.50491584821,66.82419146448322,7967.867299723979,22.345302554168597,1.3379034858991596,0.7055208800882784,,,,,,,,,,,,,,,,,,,,,,,,,,,,,,,,,,,,,,,,,,,,,,,,,,,,,,,,,,,,,,,,,,,,,,,,,,,,,,,,,,,,,,,,,,,,,,,,,,,
778.0307053881336,106846.5413799296,66.09395227568453,8030.433181554359,22.512499315851326,1.345703715856469,0.7091775982561107,,,,,,,,,,,,,,,,,,,,,,,,,,,,,,,,,,,,,,,,,,,,,,,,,,,,,,,,,,,,,,,,,,,,,,,,,,,,,,,,,,,,,,,,,,,,,,,,,,,
778.7663352935903,107486.77571221886,65.99546277673116,8093.42250784882,22.679747444912028,1.3544426888088628,0.71280627544663,,,,,,,,,,,,,,,,,,,,,,,,,,,,,,,,,,,,,,,,,,,,,,,,,,,,,,,,,,,,,,,,,,,,,,,,,,,,,,,,,,,,,,,,,,,,,,,,,,,
779.5025141447992,108126.67713321281,65.40856492410259,8155.819497258854,22.84606844876077,1.3631311301207794,0.7174071713789755,,,,,,,,,,,,,,,,,,,,,,,,,,,,,,,,,,,,,,,,,,,,,,,,,,,,,,,,,,,,,,,,,,,,,,,,,,,,,,,,,,,,,,,,,,,,,,,,,,,
779.5025141447992,108756.38503154632,64.92664752661236,8217.665611627865,23.01147244855867,1.3707695453244801,0.7209897163309927,,,,,,,,,,,,,,,,,,,,,,,,,,,,,,,,,,,,,,,,,,,,,,,,,,,,,,,,,,,,,,,,,,,,,,,,,,,,,,,,,,,,,,,,,,,,,,,,,,,
780.9767489342698,109391.62709957956,65.0299472809388,8279.999902820442,23.17696934692103,1.3793485239785517,0.7245449851549489,,,,,,,,,,,,,,,,,,,,,,,,,,,,,,,,,,,,,,,,,,,,,,,,,,,,,,,,,,,,,,,,,,,,,,,,,,,,,,,,,,,,,,,,,,,,,,,,,,,
780.9767489342698,110012.18462600955,64.60691717200896,8340.802103981001,23.341579518239175,1.3878784579762413,0.7280732236120813,,,,,,,,,,,,,,,,,,,,,,,,,,,,,,,,,,,,,,,,,,,,,,,,,,,,,,,,,,,,,,,,,,,,,,,,,,,,,,,,,,,,,,,,,,,,,,,,,,,
780.9767489342698,110629.05175250396,64.25828284799195,8402.166973815314,23.505312335686217,1.3953598236726927,0.7315746730744962,,,,,,,,,,,,,,,,,,,,,,,,,,,,,,,,,,,,,,,,,,,,,,,,,,,,,,,,,,,,,,,,,,,,,,,,,,,,,,,,,,,,,,,,,,,,,,,,,,,
782.4534131217868,111252.56017286169,63.970041259985585,8464.069613059699,23.66817697634922,1.4037834681959045,0.7350495706417095,,,,,,,,,,,,,,,,,,,,,,,,,,,,,,,,,,,,,,,,,,,,,,,,,,,,,,,,,,,,,,,,,,,,,,,,,,,,,,,,,,,,,,,,,,,,,,,,,,,
782.4534131217868,111857.4147763725,63.230840027496235,8524.486124616611,23.831182427366155,1.4121594700341364,0.739498149300593,,,,,,,,,,,,,,,,,,,,,,,,,,,,,,,,,,,,,,,,,,,,,,,,,,,,,,,,,,,,,,,,,,,,,,,,,,,,,,,,,,,,,,,,,,,,,,,,,,,
782.4534131217868,112459.84680366745,63.12718652789685,8585.508542800722,23.99334773724693,1.4204882788676583,0.7429293345332757,,,,,,,,,,,,,,,,,,,,,,,,,,,,,,,,,,,,,,,,,,,,,,,,,,,,,,,,,,,,,,,,,,,,,,,,,,,,,,,,,,,,,,,,,,,,,,,,,,,
783.9307284362297,113070.10545735381,62.53762716489653,8646.10869540125,24.154681426463448,1.4287703359674078,0.7463346546388678,,,,,,,,,,,,,,,,,,,,,,,,,,,,,,,,,,,,,,,,,,,,,,,,,,,,,,,,,,,,,,,,,,,,,,,,,,,,,,,,,,,,,,,,,,,,,,,,,,,
783.9307284362297,113667.81507702617,62.55540099586028,8705.317323483949,24.31619184444587,1.437006074428695,0.7497143307127389,,,,,,,,,,,,,,,,,,,,,,,,,,,,,,,,,,,,,,,,,,,,,,,,,,,,,,,,,,,,,,,,,,,,,,,,,,,,,,,,,,,,,,,,,,,,,,,,,,,
783.9307284362297,114258.8342801902,62.06430964775447,8766.221113457983,24.476897114638195,1.445195919396328,0.754068580149941,,,,,,,,,,,,,,,,,,,,,,,,,,,,,,,,,,,,,,,,,,,,,,,,,,,,,,,,,,,,,,,,,,,,,,,,,,,,,,,,,,,,,,,,,,,,,,,,,,,
785.4105315924347,114853.66538260071,61.66204895913066,8825.728281561047,24.63680516151646,1.4533402882815467,0.7574060208796907,,,,,,,,,,,,,,,,,,,,,,,,,,,,,,,,,,,,,,,,,,,,,,,,,,,,,,,,,,,,,,,,,,,,,,,,,,,,,,,,,,,,,,,,,,,,,,,,,,,
785.4105315924347,115437.16903378972,61.33176728001045,8884.92564342446,24.795923755087482,1.4604395909236396,0.760718458751764,,,,,,,,,,,,,,,,,,,,,,,,,,,,,,,,,,,,,,,,,,,,,,,,,,,,,,,,,,,,,,,,,,,,,,,,,,,,,,,,,,,,,,,,,,,,,,,,,,,
785.4105315924347,116015.12708013557,61.05981980210955,8944.837111889541,24.95426051536178,1.4684852972552438,0.7650061004722609,,,,,,,,,,,,,,,,,,,,,,,,,,,,,,,,,,,,,,,,,,,,,,,,,,,,,,,,,,,,,,,,,,,,,,,,,,,,,,,,,,,,,,,,,,,,,,,,,,,
786.8944407595061,116602.9679821752,60.83515930731743,9003.426938620176,25.112822916702985,1.476486735390854,0.7682773468594616,,,,,,,,,,,,,,,,,,,,,,,,,,,,,,,,,,,,,,,,,,,,,,,,,,,,,,,,,,,,,,,,,,,,,,,,,,,,,,,,,,,,,,,,,,,,,,,,,,,
786.8944407595061,117170.17395750814,60.64884236606621,9062.777633049349,25.27062776128376,1.4854442938729895,0.7715242002827616,,,,,,,,,,,,,,,,,,,,,,,,,,,,,,,,,,,,,,,,,,,,,,,,,,,,,,,,,,,,,,,,,,,,,,,,,,,,,,,,,,,,,,,,,,,,,,,,,,,