t;T_surf;M_Europa;M_loss;R_Europa;Density
100.000000;209.751129;3.90633172E+19;0.00000000;172085.109;1830.00000
200.000000;214.099884;7.04611471E+19;0.00000000;209477.281;1830.00000
300.000000;217.647552;1.01858977E+20;0.00000000;236857.359;1830.00000
400.000000;220.689774;1.33256807E+20;0.00000000;259050.031;1830.00000
500.000000;223.388672;1.64654646E+20;0.00000000;277978.969;1830.00000
600.000000;225.811005;1.96052476E+20;0.00000000;294630.812;1830.00000
700.000000;228.023529;2.27450306E+20;0.00000000;309587.188;1830.00000
800.000000;230.045319;2.58848136E+20;0.00000000;323223.219;1830.00000
900.000000;231.924057;2.90245966E+20;0.00000000;335796.625;1830.00000
1000.00000;233.678818;3.21643813E+20;0.00000000;347493.000;1830.00000
1100.00000;235.309601;3.53041643E+20;0.00000000;358450.938;1830.00000
1200.00000;236.845016;3.84439473E+20;0.00000000;368777.000;1830.00000
1300.00000;238.285065;4.15837303E+20;0.00000000;378555.062;1830.00000
1400.00000;239.648819;4.47235133E+20;0.00000000;387852.531;1830.00000
1500.00000;240.936279;4.78632963E+20;0.00000000;396724.438;1830.00000
1600.00000;242.156982;5.10030793E+20;0.00000000;405216.344;1830.00000
1700.00000;243.320465;5.41428623E+20;0.00000000;413366.531;1830.00000
1800.00000;244.436264;5.72826453E+20;0.00000000;421207.438;1830.00000
1900.00000;245.485306;6.04224318E+20;0.00000000;428766.812;1830.00000
2000.00000;246.496201;6.35622148E+20;0.00000000;436068.625;1830.00000
2100.00000;247.468948;6.67019978E+20;0.00000000;443133.781;1830.00000
2200.00000;248.394012;6.98417808E+20;0.00000000;449980.562;1830.00000
2300.00000;249.280930;7.29815638E+20;0.00000000;456625.125;1830.00000
2400.00000;250.129700;7.61213468E+20;0.00000000;463081.750;1830.00000
2500.00000;250.949860;7.92611298E+20;0.00000000;469363.188;1830.00000
2600.00000;251.741409;8.24009128E+20;0.00000000;475480.844;1830.00000
2700.00000;252.499573;8.55406958E+20;0.00000000;481445.031;1830.00000
2800.00000;253.229141;8.86804788E+20;0.00000000;487265.000;1830.00000
2900.00000;253.939636;9.18202618E+20;0.00000000;492949.156;1830.00000
3000.00000;254.621506;9.49600448E+20;0.00000000;498505.188;1830.00000
3100.00000;255.284302;9.80998278E+20;0.00000000;503940.062;1830.00000
3200.00000;255.918503;1.01239611E+21;0.00000000;509260.156;1830.00000
3300.00000;256.538391;1.04379394E+21;0.00000000;514471.375;1830.00000
3400.00000;257.139221;1.07519177E+21;0.00000000;519579.125;1830.00000
3500.00000;257.720947;1.10658960E+21;0.00000000;524588.375;1830.00000
3600.00000;258.283630;1.13798743E+21;0.00000000;529503.750;1830.00000
3700.00000;258.827209;1.16938526E+21;0.00000000;534329.562;1830.00000
3800.00000;259.356506;1.20078309E+21;0.00000000;539069.750;1830.00000
3900.00000;259.871460;1.23218092E+21;0.00000000;543728.000;1830.00000
4000.00000;260.372162;1.26357875E+21;0.00000000;548307.750;1830.00000
4100.00000;260.858521;1.29497658E+21;0.00000000;552812.250;1830.00000
4200.00000;261.335388;1.32637441E+21;0.00000000;557244.562;1830.00000
4300.00000;261.793152;1.35777224E+21;0.00000000;561607.438;1830.00000
4400.00000;262.241364;1.38917007E+21;0.00000000;565903.562;1830.00000
4500.00000;262.680054;1.42056790E+21;0.00000000;570135.438;1830.00000
4600.00000;263.109192;1.45196573E+21;0.00000000;574305.438;1830.00000
4700.00000;263.519287;1.48336356E+21;0.00000000;578415.750;1830.00000
4800.00000;263.929382;1.51476139E+21;0.00000000;582468.438;1830.00000
4900.00000;264.320374;1.54615922E+21;0.00000000;586465.500;1830.00000
5000.00000;264.711365;1.57755705E+21;0.00000000;590408.812;1830.00000
5100.00000;265.088074;1.60895488E+21;0.00000000;594300.188;1830.00000
5200.00000;265.455261;1.64035271E+21;0.00000000;598141.250;1830.00000
5300.00000;265.812866;1.67175054E+21;0.00000000;601933.625;1830.00000
5400.00000;266.165710;1.70314837E+21;0.00000000;605678.812;1830.00000
5500.00000;266.509033;1.73454620E+21;0.00000000;609378.250;1830.00000
5600.00000;266.847595;1.76594403E+21;0.00000000;613033.312;1830.00000
5700.00000;267.176636;1.79734186E+21;0.00000000;616645.312;1830.00000
5800.00000;267.496094;1.82873969E+21;0.00000000;620215.438;1830.00000
5900.00000;267.810822;1.86013752E+21;0.00000000;623744.938;1830.00000
6000.00000;268.120789;1.89153535E+21;0.00000000;627234.938;1830.00000
6100.00000;268.425964;1.92293318E+21;0.00000000;630686.562;1830.00000
6200.00000;268.721558;1.95433101E+21;0.00000000;634100.812;1830.00000
6300.00000;269.012451;1.98572884E+21;0.00000000;637478.688;1830.00000
6400.00000;269.298553;2.01712667E+21;0.00000000;640821.125;1830.00000
6500.00000;269.575134;2.04852450E+21;0.00000000;644129.062;1830.00000
6600.00000;269.851685;2.07992233E+21;0.00000000;647403.375;1830.00000
6700.00000;270.118713;2.11132016E+21;0.00000000;650644.938;1830.00000
6800.00000;270.380981;2.14271799E+21;0.00000000;653854.500;1830.00000
6900.00000;270.638489;2.17411582E+21;0.00000000;657032.875;1830.00000
7000.00000;270.891174;2.20551365E+21;0.00000000;660180.812;1830.00000
7100.00000;271.143921;2.23691148E+21;0.00000000;663299.000;1830.00000
7200.00000;271.387085;2.26830931E+21;0.00000000;666388.125;1830.00000
7300.00000;271.625519;2.29970714E+21;0.00000000;669448.875;1830.00000
7400.00000;271.863953;2.33110497E+21;0.00000000;672481.875;1830.00000
7500.00000;272.097595;2.36250280E+21;0.00000000;675487.812;1830.00000
7600.00000;272.321716;2.39390077E+21;0.00000000;678467.188;1830.00000
7700.00000;272.545837;2.42529874E+21;0.00000000;681420.625;1830.00000
7800.00000;272.769928;2.45669671E+21;0.00000000;684348.688;1830.00000
7900.00000;272.984497;2.48809468E+21;0.00000000;687251.938;1830.00000
8000.00000;273.199097;2.51949265E+21;0.00000000;690130.875;1830.00000
8100.00000;273.408875;2.55089062E+21;0.00000000;692986.000;1830.00000
8200.00000;273.613953;2.58228859E+21;0.00000000;695817.750;1830.00000
8300.00000;273.814209;2.61368656E+21;0.00000000;698626.688;1830.00000
8400.00000;274.014465;2.64508453E+21;0.00000000;701413.188;1830.00000
8500.00000;274.212341;2.67648250E+21;0.00000000;704177.750;1830.00000
8600.00000;274.405457;2.70788047E+21;0.00000000;706920.750;1830.00000
8700.00000;274.596191;2.73927844E+21;0.00000000;709642.625;1830.00000
8800.00000;274.782166;2.77067642E+21;0.00000000;712343.812;1830.00000
8900.00000;274.968140;2.80207439E+21;0.00000000;715024.688;1830.00000
9000.00000;275.149353;2.83347236E+21;0.00000000;717685.562;1830.00000
9100.00000;275.330566;2.86487033E+21;0.00000000;720326.875;1830.00000
9200.00000;275.506958;2.89626830E+21;0.00000000;722948.938;1830.00000
9300.00000;275.678650;2.92766627E+21;0.00000000;725552.125;1830.00000
9400.00000;275.850281;2.95906424E+21;0.00000000;728136.812;1830.00000
9500.00000;276.021973;2.99046221E+21;0.00000000;730703.250;1830.00000
9600.00000;276.188843;3.02186018E+21;0.00000000;733251.812;1830.00000
9700.00000;276.350952;3.05325815E+21;0.00000000;735782.750;1830.00000
9800.00000;276.513123;3.08465612E+21;0.00000000;738296.438;1830.00000
9900.00000;276.672852;3.11605409E+21;0.00000000;740793.125;1830.00000
10000.0000;276.830200;3.14745206E+21;0.00000000;743273.062;1830.00000
10100.0000;276.985168;3.17885003E+21;0.00000000;745736.562;1830.00000
10200.0000;277.137756;3.21024801E+21;0.00000000;748183.938;1830.00000
10300.0000;277.290344;3.24164598E+21;0.00000000;750615.375;1830.00000
10400.0000;277.438171;3.27304395E+21;0.00000000;753031.188;1830.00000
10500.0000;277.585999;3.30444192E+21;0.00000000;755431.562;1830.00000
10600.0000;277.733826;3.33583989E+21;0.00000000;757816.812;1830.00000
10700.0000;277.876831;3.36723786E+21;0.00000000;760187.125;1830.00000
10800.0000;278.015137;3.39863583E+21;0.00000000;762542.750;1830.00000
10900.0000;278.158203;3.43003380E+21;0.00000000;764883.938;1830.00000
11000.0000;278.296448;3.46143177E+21;0.00000000;767210.875;1830.00000
11100.0000;278.429993;3.49282974E+21;0.00000000;769523.812;1830.00000
11200.0000;278.563477;3.52422771E+21;0.00000000;771822.875;1830.00000
11300.0000;278.697021;3.55562568E+21;0.00000000;774108.375;1830.00000
11400.0000;278.830505;3.58702365E+21;0.00000000;776380.438;1830.00000
11500.0000;278.959290;3.61842162E+21;0.00000000;778639.312;1830.00000
11600.0000;279.088013;3.64981959E+21;0.00000000;780885.125;1830.00000
11700.0000;279.211975;3.68121757E+21;0.00000000;783118.062;1830.00000
11800.0000;279.338379;3.71261554E+21;0.00000000;785338.375;1830.00000
11900.0000;279.462341;3.74401351E+21;0.00000000;787546.188;1830.00000
12000.0000;279.583923;3.77541148E+21;0.00000000;789741.688;1830.00000
12100.0000;279.703125;3.80680945E+21;0.00000000;791925.062;1830.00000
12200.0000;279.822327;3.83820742E+21;0.00000000;794096.500;1830.00000
12300.0000;279.941559;3.86960539E+21;0.00000000;796256.125;1830.00000
12400.0000;280.058411;3.90100336E+21;0.00000000;798404.062;1830.00000
12500.0000;280.175232;3.93240133E+21;0.00000000;800540.562;1830.00000
12600.0000;280.287292;3.96379930E+21;0.00000000;802665.688;1830.00000
12700.0000;280.399323;3.99519727E+21;0.00000000;804779.625;1830.00000
12800.0000;280.511353;4.02659524E+21;0.00000000;806882.500;1830.00000
12900.0000;280.623413;4.05799321E+21;0.00000000;808974.500;1830.00000
13000.0000;280.730713;4.08939118E+21;0.00000000;811055.750;1830.00000
13100.0000;280.838013;4.12078916E+21;0.00000000;813126.375;1830.00000
13200.0000;280.945312;4.15218713E+21;0.00000000;815186.500;1830.00000
13300.0000;281.050232;4.18358510E+21;0.00000000;817236.250;1830.00000
13400.0000;281.155090;4.21498307E+21;0.00000000;819275.750;1830.00000
13500.0000;281.257629;4.24638104E+21;0.00000000;821305.188;1830.00000
13600.0000;281.360168;4.27777901E+21;0.00000000;823324.625;1830.00000
13700.0000;281.460266;4.30917698E+21;0.00000000;825334.188;1830.00000
13800.0000;281.560425;4.34057495E+21;0.00000000;827334.062;1830.00000
13900.0000;281.658173;4.37197292E+21;0.00000000;829324.312;1830.00000
14000.0000;281.758301;4.40337089E+21;0.00000000;831305.062;1830.00000
14100.0000;281.853699;4.43476886E+21;0.00000000;833276.375;1830.00000
14200.0000;281.949036;4.46616683E+21;0.00000000;835238.438;1830.00000
14300.0000;282.044434;4.49756480E+21;0.00000000;837191.312;1830.00000
14400.0000;282.139771;4.52896277E+21;0.00000000;839135.125;1830.00000
14500.0000;282.232788;4.56036075E+21;0.00000000;841070.000;1830.00000
14600.0000;282.325745;4.59175872E+21;0.00000000;842996.000;1830.00000
14700.0000;282.416321;4.62315669E+21;0.00000000;844913.250;1830.00000
14800.0000;282.506958;4.65455466E+21;0.00000000;846821.875;1830.00000
14900.0000;282.595154;4.68595263E+21;0.00000000;848721.938;1830.00000
15000.0000;282.683350;4.71735060E+21;0.00000000;850613.500;1830.00000
15100.0000;282.771606;4.74874857E+21;0.00000000;852496.688;1830.00000
15200.0000;282.859802;4.78014654E+21;0.00000000;854371.625;1830.00000
15300.0000;282.945618;4.81154451E+21;0.00000000;856238.375;1830.00000
15400.0000;283.031464;4.84294248E+21;0.00000000;858097.000;1830.00000
15500.0000;283.114929;4.87434045E+21;0.00000000;859947.625;1830.00000
15600.0000;283.198364;4.90573842E+21;0.00000000;861790.312;1830.00000
15700.0000;283.281799;4.93713639E+21;0.00000000;863625.188;1830.00000
15800.0000;283.365234;4.96853436E+21;0.00000000;865452.250;1830.00000
15900.0000;283.446289;4.99993234E+21;0.00000000;867271.688;1830.00000
16000.0000;283.524963;5.03133031E+21;0.00000000;869083.500;1830.00000
16100.0000;283.606079;5.06272828E+21;0.00000000;870887.750;1830.00000
16200.0000;283.684753;5.09412625E+21;0.00000000;872684.562;1830.00000
16300.0000;283.763428;5.12552422E+21;0.00000000;874474.000;1830.00000
16400.0000;283.842102;5.15692219E+21;0.00000000;876256.188;1830.00000
16500.0000;283.918396;5.18832016E+21;0.00000000;878031.125;1830.00000
16600.0000;283.994690;5.21971813E+21;0.00000000;879798.938;1830.00000
16700.0000;284.070984;5.25111610E+21;0.00000000;881559.688;1830.00000
16800.0000;284.144897;5.28251407E+21;0.00000000;883313.438;1830.00000
16900.0000;284.218811;5.31391204E+21;0.00000000;885060.250;1830.00000
17000.0000;284.292725;5.34531001E+21;0.00000000;886800.188;1830.00000
17100.0000;284.366608;5.37670798E+21;0.00000000;888533.312;1830.00000
17200.0000;284.438110;5.40810595E+21;0.00000000;890259.688;1830.00000
17300.0000;284.509644;5.43950392E+21;0.00000000;891979.438;1830.00000
17400.0000;284.581177;5.47090190E+21;0.00000000;893692.562;1830.00000
17500.0000;284.652710;5.50229987E+21;0.00000000;895399.125;1830.00000
17600.0000;284.724243;5.53369784E+21;0.00000000;897099.250;1830.00000
17700.0000;284.791016;5.56509581E+21;0.00000000;898792.938;1830.00000
17800.0000;284.862518;5.59649378E+21;0.00000000;900480.250;1830.00000
17900.0000;284.929260;5.62789175E+21;0.00000000;902161.250;1830.00000
18000.0000;284.998413;5.65928972E+21;0.00000000;903836.062;1830.00000
18100.0000;285.065186;5.69068769E+21;0.00000000;905504.688;1830.00000
18200.0000;285.131958;5.72208566E+21;0.00000000;907167.188;1830.00000
18300.0000;285.196289;5.75348363E+21;0.00000000;908823.625;1830.00000
18400.0000;285.263062;5.78488160E+21;0.00000000;910474.062;1830.00000
18500.0000;285.327454;5.81627957E+21;0.00000000;912118.500;1830.00000
18600.0000;285.391785;5.84767754E+21;0.00000000;913757.062;1830.00000
18700.0000;285.456177;5.87907551E+21;0.00000000;915389.750;1830.00000
18800.0000;285.520569;5.91047349E+21;0.00000000;917016.625;1830.00000
18900.0000;285.582520;5.94187146E+21;0.00000000;918637.750;1830.00000
19000.0000;285.646912;5.97326943E+21;0.00000000;920253.188;1830.00000
19100.0000;285.708923;6.00466740E+21;0.00000000;921863.000;1830.00000
19200.0000;285.768494;6.03606537E+21;0.00000000;923467.188;1830.00000
19300.0000;285.830505;6.06746334E+21;0.00000000;925065.812;1830.00000
19400.0000;285.892487;6.09886131E+21;0.00000000;926658.938;1830.00000
19500.0000;285.952087;6.13025928E+21;0.00000000;928246.625;1830.00000
19600.0000;286.011719;6.16165725E+21;0.00000000;929828.875;1830.00000
19700.0000;286.071289;6.19305522E+21;0.00000000;931405.812;1830.00000
19800.0000;286.128540;6.22445319E+21;0.00000000;932977.375;1830.00000
19900.0000;286.188110;6.25585116E+21;0.00000000;934543.688;1830.00000
20000.0000;286.245361;6.28724913E+21;0.00000000;936104.750;1830.00000
20100.0000;286.302551;6.31864710E+21;0.00000000;937660.625;1830.00000
20200.0000;286.359802;6.35004508E+21;0.00000000;939211.375;1830.00000
20300.0000;286.416992;6.38144305E+21;0.00000000;940757.000;1830.00000
20400.0000;286.474243;6.41284102E+21;0.00000000;942297.562;1830.00000
20500.0000;286.529053;6.44423899E+21;0.00000000;943833.125;1830.00000
20600.0000;286.583923;6.47563696E+21;0.00000000;945363.750;1830.00000
20700.0000;286.638733;6.50703493E+21;0.00000000;946889.375;1830.00000
20800.0000;286.693573;6.53843290E+21;0.00000000;948410.125;1830.00000
20900.0000;286.748413;6.56983087E+21;0.00000000;949926.000;1830.00000
21000.0000;286.803223;6.60122884E+21;0.00000000;951437.062;1830.00000
21100.0000;286.855713;6.63262681E+21;0.00000000;952943.312;1830.00000
21200.0000;286.908142;6.66402478E+21;0.00000000;954444.812;1830.00000
21300.0000;286.960602;6.69542275E+21;0.00000000;955941.625;1830.00000
21400.0000;287.013062;6.72682072E+21;0.00000000;957433.750;1830.00000
21500.0000;287.065491;6.75821869E+21;0.00000000;958921.312;1830.00000
21600.0000;287.117981;6.78961667E+21;0.00000000;960404.250;1830.00000
21700.0000;287.168030;6.82101464E+21;0.00000000;961882.625;1830.00000
21800.0000;287.220459;6.85241261E+21;0.00000000;963356.438;1830.00000
21900.0000;287.270569;6.88381058E+21;0.00000000;964825.750;1830.00000
22000.0000;287.320618;6.91520855E+21;0.00000000;966290.625;1830.00000
22100.0000;287.370667;6.94660652E+21;0.00000000;967751.062;1830.00000
22200.0000;287.418365;6.97800449E+21;0.00000000;969207.125;1830.00000
22300.0000;287.468445;7.00940246E+21;0.00000000;970658.812;1830.00000
22400.0000;287.518494;7.04080043E+21;0.00000000;972106.188;1830.00000
22500.0000;287.566162;7.07219840E+21;0.00000000;973549.250;1830.00000
22600.0000;287.613892;7.10359637E+21;0.00000000;974988.062;1830.00000
22700.0000;287.661560;7.13499434E+21;0.00000000;976422.625;1830.00000
22800.0000;287.709229;7.16639231E+21;0.00000000;977853.000;1830.00000
22900.0000;287.756897;7.19779028E+21;0.00000000;979279.188;1830.00000
23000.0000;287.804626;7.22918825E+21;0.00000000;980701.250;1830.00000
23100.0000;287.849915;7.26058623E+21;0.00000000;982119.250;1830.00000
23200.0000;287.897583;7.29198420E+21;0.00000000;983533.125;1830.00000
23300.0000;287.942871;7.32338217E+21;0.00000000;984942.938;1830.00000
23400.0000;287.988159;7.35478014E+21;0.00000000;986348.750;1830.00000
23500.0000;288.033508;7.38617811E+21;0.00000000;987750.562;1830.00000
23600.0000;288.078796;7.41757608E+21;0.00000000;989148.438;1830.00000
23700.0000;288.124084;7.44897405E+21;0.00000000;990542.312;1830.00000
23800.0000;288.169373;7.48037202E+21;0.00000000;991932.312;1830.00000
23900.0000;288.212280;7.51176999E+21;0.00000000;993318.438;1830.00000
24000.0000;288.257599;7.54316796E+21;0.00000000;994700.688;1830.00000
24100.0000;288.300537;7.57456593E+21;0.00000000;996079.125;1830.00000
24200.0000;288.343445;7.60596390E+21;0.00000000;997453.750;1830.00000
24300.0000;288.386353;7.63736187E+21;0.00000000;998824.625;1830.00000
24400.0000;288.429260;7.66875984E+21;0.00000000;1000191.75;1830.00000
24500.0000;288.472168;7.70015782E+21;0.00000000;1001555.12;1830.00000
24600.0000;288.515076;7.73155579E+21;0.00000000;1002914.81;1830.00000
24700.0000;288.557983;7.76295376E+21;0.00000000;1004270.81;1830.00000
24800.0000;288.598511;7.79435173E+21;0.00000000;1005623.19;1830.00000
24900.0000;288.641479;7.82574970E+21;0.00000000;1006971.94;1830.00000
25000.0000;288.682007;7.85714767E+21;0.00000000;1008317.06;1830.00000
25100.0000;288.722534;7.88854564E+21;0.00000000;1009658.62;1830.00000
25200.0000;288.765442;7.91994361E+21;0.00000000;1010996.62;1830.00000
25300.0000;288.805969;7.95134158E+21;0.00000000;1012331.06;1830.00000
25400.0000;288.844116;7.98273955E+21;0.00000000;1013662.00;1830.00000
25500.0000;288.884644;8.01413752E+21;0.00000000;1014989.44;1830.00000
25600.0000;288.925171;8.04553549E+21;0.00000000;1016313.44;1830.00000
25700.0000;288.965698;8.07693346E+21;0.00000000;1017634.00;1830.00000
25800.0000;289.003845;8.10833143E+21;0.00000000;1018951.19;1830.00000
25900.0000;289.044373;8.13972941E+21;0.00000000;1020264.94;1830.00000
26000.0000;289.082520;8.17112738E+21;0.00000000;1021575.31;1830.00000
26100.0000;289.120667;8.20252535E+21;0.00000000;1022882.31;1830.00000
26200.0000;289.158813;8.23392332E+21;0.00000000;1024186.00;1830.00000
26300.0000;289.196960;8.26532129E+21;0.00000000;1025486.38;1830.00000
26400.0000;289.235107;8.29671926E+21;0.00000000;1026783.50;1830.00000
26500.0000;289.273254;8.32811723E+21;0.00000000;1028077.31;1830.00000
26600.0000;289.311401;8.35951520E+21;0.00000000;1029367.94;1830.00000
26700.0000;289.349548;8.39091317E+21;0.00000000;1030655.31;1830.00000
26800.0000;289.385315;8.42231114E+21;0.00000000;1031939.44;1830.00000
26900.0000;289.423462;8.45370911E+21;0.00000000;1033220.44;1830.00000
27000.0000;289.459229;8.48510708E+21;0.00000000;1034498.25;1830.00000
27100.0000;289.497375;8.51650505E+21;0.00000000;1035772.94;1830.00000
27200.0000;289.533142;8.54790302E+21;0.00000000;1037044.44;1830.00000
27300.0000;289.568909;8.57930100E+21;0.00000000;1038312.88;1830.00000
27400.0000;289.604675;8.61069897E+21;0.00000000;1039578.19;1830.00000
27500.0000;289.640442;8.64209694E+21;0.00000000;1040840.44;1830.00000
27600.0000;289.676208;8.67349491E+21;0.00000000;1042099.62;1830.00000
27700.0000;289.711975;8.70489288E+21;0.00000000;1043355.81;1830.00000
27800.0000;289.747742;8.73629085E+21;0.00000000;1044608.94;1830.00000
27900.0000;289.781067;8.76768882E+21;0.00000000;1045859.12;1830.00000
28000.0000;289.816833;8.79908679E+21;0.00000000;1047106.31;1830.00000
28100.0000;289.850220;8.83048476E+21;0.00000000;1048350.50;1830.00000
28200.0000;289.885986;8.86188273E+21;0.00000000;1049591.75;1830.00000
28300.0000;289.919373;8.89328070E+21;0.00000000;1050830.12;1830.00000
28400.0000;289.952759;8.92467867E+21;0.00000000;1052065.50;1830.00000
28500.0000;289.988525;8.95607664E+21;0.00000000;1053298.00;1830.00000
28600.0000;290.021912;8.98747461E+21;0.00000000;1054527.62;1830.00000
28700.0000;290.055298;9.01887258E+21;0.00000000;1055754.38;1830.00000
28800.0000;290.088654;9.05027056E+21;0.00000000;1056978.25;1830.00000
28900.0000;290.122009;9.08166853E+21;0.00000000;1058199.38;1830.00000
29000.0000;290.153015;9.11306650E+21;0.00000000;1059417.62;1830.00000
29100.0000;290.186401;9.14446447E+21;0.00000000;1060633.12;1830.00000
29200.0000;290.219788;9.17586244E+21;0.00000000;1061845.88;1830.00000
29300.0000;290.250793;9.20726041E+21;0.00000000;1063055.88;1830.00000
29400.0000;290.284180;9.23865838E+21;0.00000000;1064263.12;1830.00000
29500.0000;290.315125;9.27005635E+21;0.00000000;1065467.62;1830.00000
29600.0000;290.348511;9.30145432E+21;0.00000000;1066669.38;1830.00000
29700.0000;290.379517;9.33285229E+21;0.00000000;1067868.50;1830.00000
29800.0000;290.410522;9.36425026E+21;0.00000000;1069064.88;1830.00000
29900.0000;290.442719;9.39564823E+21;0.00000000;1070258.62;1830.00000
30000.0000;290.474915;9.42704620E+21;0.00000000;1071449.75;1830.00000
30100.0000;290.505859;9.45844417E+21;0.00000000;1072638.12;1830.00000
30200.0000;290.536865;9.48984215E+21;0.00000000;1073823.88;1830.00000
30300.0000;290.567871;9.52124012E+21;0.00000000;1075007.00;1830.00000
30400.0000;290.597687;9.55263809E+21;0.00000000;1076187.62;1830.00000
30500.0000;290.627502;9.58403606E+21;0.00000000;1077365.62;1830.00000
30600.0000;290.658447;9.61543403E+21;0.00000000;1078541.00;1830.00000
30700.0000;290.689453;9.64683200E+21;0.00000000;1079713.88;1830.00000
30800.0000;290.718079;9.67822997E+21;0.00000000;1080884.25;1830.00000
30900.0000;290.749084;9.70962794E+21;0.00000000;1082052.12;1830.00000
31000.0000;290.777710;9.74102591E+21;0.00000000;1083217.50;1830.00000
31100.0000;290.808655;9.77242388E+21;0.00000000;1084380.25;1830.00000
31200.0000;290.837280;9.80382185E+21;0.00000000;1085540.50;1830.00000
31300.0000;290.865906;9.83521982E+21;0.00000000;1086698.38;1830.00000
31400.0000;290.895721;9.86661779E+21;0.00000000;1087853.75;1830.00000
31500.0000;290.925476;9.89801576E+21;0.00000000;1089006.62;1830.00000
31600.0000;290.954102;9.92941374E+21;0.00000000;1090157.12;1830.00000
31700.0000;290.982727;9.96081171E+21;0.00000000;1091305.25;1830.00000
31800.0000;291.011353;9.99220968E+21;0.00000000;1092450.88;1830.00000
31900.0000;291.039917;1.00236076E+22;0.00000000;1093594.12;1830.00000
32000.0000;291.067352;1.00550056E+22;0.00000000;1094735.00;1830.00000
32100.0000;291.094788;1.00864036E+22;0.00000000;1095873.50;1830.00000
32200.0000;291.123413;1.01178016E+22;0.00000000;1097009.62;1830.00000
32300.0000;291.151978;1.01491995E+22;0.00000000;1098143.38;1830.00000
32400.0000;291.179413;1.01805975E+22;0.00000000;1099274.88;1830.00000
32500.0000;291.206848;1.02119955E+22;0.00000000;1100404.00;1830.00000
32600.0000;291.235474;1.02433934E+22;0.00000000;1101530.88;1830.00000
32700.0000;291.261658;1.02747914E+22;0.00000000;1102655.38;1830.00000
32800.0000;291.289093;1.03061894E+22;0.00000000;1103777.62;1830.00000
32900.0000;291.316528;1.03375874E+22;0.00000000;1104897.62;1830.00000
33000.0000;291.342712;1.03689853E+22;0.00000000;1106015.38;1830.00000
33100.0000;291.370148;1.04003833E+22;0.00000000;1107130.88;1830.00000
33200.0000;291.397583;1.04317813E+22;0.00000000;1108244.12;1830.00000
33300.0000;291.423798;1.04631792E+22;0.00000000;1109355.12;1830.00000
33400.0000;291.450012;1.04945772E+22;0.00000000;1110463.88;1830.00000
33500.0000;291.476257;1.05259752E+22;0.00000000;1111570.38;1830.00000
33600.0000;291.502502;1.05573731E+22;0.00000000;1112674.75;1830.00000
33700.0000;291.528687;1.05887711E+22;0.00000000;1113776.88;1830.00000
33800.0000;291.554932;1.06201691E+22;0.00000000;1114876.88;1830.00000
33900.0000;291.581177;1.06515671E+22;0.00000000;1115974.75;1830.00000
34000.0000;291.606171;1.06829650E+22;0.00000000;1117070.38;1830.00000
34100.0000;291.631226;1.07143630E+22;0.00000000;1118163.88;1830.00000
34200.0000;291.657471;1.07457610E+22;0.00000000;1119255.25;1830.00000
34300.0000;291.683655;1.07771589E+22;0.00000000;1120344.50;1830.00000
34400.0000;291.707520;1.08085569E+22;0.00000000;1121431.62;1830.00000
34500.0000;291.733765;1.08399549E+22;0.00000000;1122516.75;1830.00000
34600.0000;291.757568;1.08713529E+22;0.00000000;1123599.75;1830.00000
34700.0000;291.783813;1.09027508E+22;0.00000000;1124680.62;1830.00000
34800.0000;291.807678;1.09341488E+22;0.00000000;1125759.50;1830.00000
34900.0000;291.833862;1.09655468E+22;0.00000000;1126836.25;1830.00000
35000.0000;291.857727;1.09969447E+22;0.00000000;1127911.00;1830.00000
35100.0000;291.881561;1.10283427E+22;0.00000000;1128983.62;1830.00000
35200.0000;291.906586;1.10597407E+22;0.00000000;1130054.25;1830.00000
35300.0000;291.931641;1.10911387E+22;0.00000000;1131122.88;1830.00000
35400.0000;291.955444;1.11225366E+22;0.00000000;1132189.50;1830.00000
35500.0000;291.979309;1.11539346E+22;0.00000000;1133254.12;1830.00000
35600.0000;292.003174;1.11853326E+22;0.00000000;1134316.75;1830.00000
35700.0000;292.026978;1.12167305E+22;0.00000000;1135377.38;1830.00000
35800.0000;292.050842;1.12481285E+22;0.00000000;1136436.00;1830.00000
35900.0000;292.074707;1.12795265E+22;0.00000000;1137492.62;1830.00000
36000.0000;292.098511;1.13109244E+22;0.00000000;1138547.38;1830.00000
36100.0000;292.121185;1.13423224E+22;0.00000000;1139600.12;1830.00000
36200.0000;292.144989;1.13737204E+22;0.00000000;1140651.00;1830.00000
36300.0000;292.167664;1.14051184E+22;0.00000000;1141699.88;1830.00000
36400.0000;292.191528;1.14365163E+22;0.00000000;1142746.88;1830.00000
36500.0000;292.214142;1.14679143E+22;0.00000000;1143791.88;1830.00000
36600.0000;292.236816;1.14993123E+22;0.00000000;1144835.00;1830.00000
36700.0000;292.260620;1.15307102E+22;0.00000000;1145876.25;1830.00000
36800.0000;292.282104;1.15621082E+22;0.00000000;1146915.62;1830.00000
36900.0000;292.305969;1.15935062E+22;0.00000000;1147953.12;1830.00000
37000.0000;292.327393;1.16249042E+22;0.00000000;1148988.75;1830.00000
37100.0000;292.351257;1.16563021E+22;0.00000000;1150022.50;1830.00000
37200.0000;292.372681;1.16877001E+22;0.00000000;1151054.38;1830.00000
37300.0000;292.395355;1.17190981E+22;0.00000000;1152084.38;1830.00000
37400.0000;292.418030;1.17504960E+22;0.00000000;1153112.62;1830.00000
37500.0000;292.439453;1.17818940E+22;0.00000000;1154139.00;1830.00000
37600.0000;292.460938;1.18132920E+22;0.00000000;1155163.62;1830.00000
37700.0000;292.483551;1.18446899E+22;0.00000000;1156186.38;1830.00000
37800.0000;292.506226;1.18760879E+22;0.00000000;1157207.38;1830.00000
37900.0000;292.527649;1.19074859E+22;0.00000000;1158226.50;1830.00000
38000.0000;292.549133;1.19388839E+22;0.00000000;1159243.88;1830.00000
38100.0000;292.570618;1.19702818E+22;0.00000000;1160259.50;1830.00000
38200.0000;292.592041;1.20016798E+22;0.00000000;1161273.25;1830.00000
38300.0000;292.613525;1.20330778E+22;0.00000000;1162285.25;1830.00000
38400.0000;292.634949;1.20644757E+22;0.00000000;1163295.50;1830.00000
38500.0000;292.656433;1.20958737E+22;0.00000000;1164304.00;1830.00000
38600.0000;292.677856;1.21272717E+22;0.00000000;1165310.75;1830.00000
38700.0000;292.698151;1.21586697E+22;0.00000000;1166315.88;1830.00000
38800.0000;292.718384;1.21900676E+22;0.00000000;1167319.12;1830.00000
38900.0000;292.739868;1.22214656E+22;0.00000000;1168320.75;1830.00000
39000.0000;292.761353;1.22528636E+22;0.00000000;1169320.62;1830.00000
39100.0000;292.781586;1.22842615E+22;0.00000000;1170318.75;1830.00000
39200.0000;292.801880;1.23156595E+22;0.00000000;1171315.25;1830.00000
39300.0000;292.823303;1.23470575E+22;0.00000000;1172310.00;1830.00000
39400.0000;292.842407;1.23784555E+22;0.00000000;1173303.12;1830.00000
39500.0000;292.863831;1.24098534E+22;0.00000000;1174294.50;1830.00000
39600.0000;292.882935;1.24412514E+22;0.00000000;1175284.25;1830.00000
39700.0000;292.904358;1.24726494E+22;0.00000000;1176272.38;1830.00000
39800.0000;292.923462;1.25040473E+22;0.00000000;1177258.88;1830.00000
39900.0000;292.944885;1.25354453E+22;0.00000000;1178243.62;1830.00000
40000.0000;292.963989;1.25668433E+22;0.00000000;1179226.75;1830.00000
40100.0000;292.984222;1.25982412E+22;0.00000000;1180208.25;1830.00000
40200.0000;293.004517;1.26296392E+22;0.00000000;1181188.12;1830.00000
40300.0000;293.023560;1.26610372E+22;0.00000000;1182166.38;1830.00000
40400.0000;293.042664;1.26924352E+22;0.00000000;1183143.00;1830.00000
40500.0000;293.062927;1.27238331E+22;0.00000000;1184118.00;1830.00000
40600.0000;293.083191;1.27552311E+22;0.00000000;1185091.38;1830.00000
40700.0000;293.102264;1.27866291E+22;0.00000000;1186063.25;1830.00000
40800.0000;293.121338;1.28180270E+22;0.00000000;1187033.50;1830.00000
40900.0000;293.140411;1.28494250E+22;0.00000000;1188002.12;1830.00000
41000.0000;293.159485;1.28808230E+22;0.00000000;1188969.25;1830.00000
41100.0000;293.178558;1.29122210E+22;0.00000000;1189934.75;1830.00000
41200.0000;293.197632;1.29436189E+22;0.00000000;1190898.75;1830.00000
41300.0000;293.216705;1.29750169E+22;0.00000000;1191861.12;1830.00000
41400.0000;293.235779;1.30064149E+22;0.00000000;1192822.00;1830.00000
41500.0000;293.254852;1.30378128E+22;0.00000000;1193781.38;1830.00000
41600.0000;293.273926;1.30692108E+22;0.00000000;1194739.12;1830.00000
41700.0000;293.292999;1.31006088E+22;0.00000000;1195695.38;1830.00000
41800.0000;293.310883;1.31320067E+22;0.00000000;1196650.12;1830.00000
41900.0000;293.329956;1.31634047E+22;0.00000000;1197603.38;1830.00000
42000.0000;293.347839;1.31948027E+22;0.00000000;1198555.00;1830.00000
42100.0000;293.366882;1.32262007E+22;0.00000000;1199505.12;1830.00000
42200.0000;293.384796;1.32575986E+22;0.00000000;1200453.75;1830.00000
42300.0000;293.402649;1.32889966E+22;0.00000000;1201400.88;1830.00000
42400.0000;293.421753;1.33203946E+22;0.00000000;1202346.62;1830.00000
42500.0000;293.439606;1.33517925E+22;0.00000000;1203290.88;1830.00000
42600.0000;293.457520;1.33831905E+22;0.00000000;1204233.62;1830.00000
42700.0000;293.476562;1.34145885E+22;0.00000000;1205174.88;1830.00000
42800.0000;293.493286;1.34459865E+22;0.00000000;1206114.62;1830.00000
42900.0000;293.512329;1.34773844E+22;0.00000000;1207052.88;1830.00000
43000.0000;293.529053;1.35087824E+22;0.00000000;1207989.75;1830.00000
43100.0000;293.548096;1.35401804E+22;0.00000000;1208925.12;1830.00000
43200.0000;293.564819;1.35715783E+22;0.00000000;1209859.12;1830.00000
43300.0000;293.582672;1.36029763E+22;0.00000000;1210791.62;1830.00000
43400.0000;293.600586;1.36343743E+22;0.00000000;1211722.75;1830.00000
43500.0000;293.617249;1.36657722E+22;0.00000000;1212652.38;1830.00000
43600.0000;293.635132;1.36971702E+22;0.00000000;1213580.62;1830.00000
43700.0000;293.653015;1.37285682E+22;0.00000000;1214507.50;1830.00000
43800.0000;293.669678;1.37599662E+22;0.00000000;1215433.00;1830.00000
43900.0000;293.687592;1.37913641E+22;0.00000000;1216357.00;1830.00000
44000.0000;293.704254;1.38227621E+22;0.00000000;1217279.62;1830.00000
44100.0000;293.722168;1.38541601E+22;0.00000000;1218200.88;1830.00000
44200.0000;293.738831;1.38855580E+22;0.00000000;1219120.75;1830.00000
44300.0000;293.755554;1.39169560E+22;0.00000000;1220039.25;1830.00000
44400.0000;293.772217;1.39483540E+22;0.00000000;1220956.25;1830.00000
44500.0000;293.790100;1.39797520E+22;0.00000000;1221872.00;1830.00000
44600.0000;293.806793;1.40111499E+22;0.00000000;1222786.38;1830.00000
44700.0000;293.823456;1.40425479E+22;0.00000000;1223699.38;1830.00000
44800.0000;293.840179;1.40739459E+22;0.00000000;1224611.00;1830.00000
44900.0000;293.856842;1.41053438E+22;0.00000000;1225521.25;1830.00000
45000.0000;293.873566;1.41367418E+22;0.00000000;1226430.12;1830.00000
45100.0000;293.890228;1.41681398E+22;0.00000000;1227337.62;1830.00000
45200.0000;293.905762;1.41995378E+22;0.00000000;1228243.88;1830.00000
45300.0000;293.922424;1.42309357E+22;0.00000000;1229148.75;1830.00000
45400.0000;293.939087;1.42623337E+22;0.00000000;1230052.25;1830.00000
45500.0000;293.955811;1.42937317E+22;0.00000000;1230954.50;1830.00000
45600.0000;293.972473;1.43251296E+22;0.00000000;1231855.38;1830.00000
45700.0000;293.988007;1.43565276E+22;0.00000000;1232755.00;1830.00000
45800.0000;294.003479;1.43879256E+22;0.00000000;1233653.25;1830.00000
45900.0000;294.020203;1.44193235E+22;0.00000000;1234550.25;1830.00000
46000.0000;294.036865;1.44507215E+22;0.00000000;1235446.00;1830.00000
46100.0000;294.052338;1.44821195E+22;0.00000000;1236340.38;1830.00000
46200.0000;294.067871;1.45135175E+22;0.00000000;1237233.50;1830.00000
46300.0000;294.084534;1.45449154E+22;0.00000000;1238125.38;1830.00000
46400.0000;294.100067;1.45763134E+22;0.00000000;1239015.88;1830.00000
46500.0000;294.115540;1.46077114E+22;0.00000000;1239905.12;1830.00000
46600.0000;294.132233;1.46391093E+22;0.00000000;1240793.12;1830.00000
46700.0000;294.146545;1.46705073E+22;0.00000000;1241679.88;1830.00000
46800.0000;294.163208;1.47019053E+22;0.00000000;1242565.38;1830.00000
46900.0000;294.178741;1.47333033E+22;0.00000000;1243449.50;1830.00000
47000.0000;294.194214;1.47647012E+22;0.00000000;1244332.38;1830.00000
47100.0000;294.209717;1.47960992E+22;0.00000000;1245214.12;1830.00000
47200.0000;294.225220;1.48274972E+22;0.00000000;1246094.62;1830.00000
47300.0000;294.239502;1.48588951E+22;0.00000000;1246973.88;1830.00000
47400.0000;294.256226;1.48902931E+22;0.00000000;1247851.88;1830.00000
47500.0000;294.270508;1.49216911E+22;0.00000000;1248728.62;1830.00000
47600.0000;294.286011;1.49530890E+22;0.00000000;1249604.12;1830.00000
47700.0000;294.301514;1.49844870E+22;0.00000000;1250478.38;1830.00000
47800.0000;294.315796;1.50158850E+22;0.00000000;1251351.38;1830.00000
47900.0000;294.331329;1.50472830E+22;0.00000000;1252223.25;1830.00000
48000.0000;294.346802;1.50786809E+22;0.00000000;1253093.88;1830.00000
48100.0000;294.361115;1.51100789E+22;0.00000000;1253963.25;1830.00000
48200.0000;294.375427;1.51414769E+22;0.00000000;1254831.50;1830.00000
48300.0000;294.390900;1.51728748E+22;0.00000000;1255698.50;1830.00000
48400.0000;294.406433;1.52042728E+22;0.00000000;1256564.25;1830.00000
48500.0000;294.420715;1.52356708E+22;0.00000000;1257428.88;1830.00000
48600.0000;294.434998;1.52670688E+22;0.00000000;1258292.38;1830.00000
48700.0000;294.449341;1.52984667E+22;0.00000000;1259154.62;1830.00000
48800.0000;294.464813;1.53298647E+22;0.00000000;1260015.75;1830.00000
48900.0000;294.479156;1.53612627E+22;0.00000000;1260875.62;1830.00000
49000.0000;294.493439;1.53926606E+22;0.00000000;1261734.38;1830.00000
49100.0000;294.507721;1.54240586E+22;0.00000000;1262592.00;1830.00000
49200.0000;294.523254;1.54554566E+22;0.00000000;1263448.38;1830.00000
49300.0000;294.537537;1.54868545E+22;0.00000000;1264303.62;1830.00000
49400.0000;294.551849;1.55182525E+22;0.00000000;1265157.75;1830.00000
49500.0000;294.566162;1.55496505E+22;0.00000000;1266010.75;1830.00000
49600.0000;294.580444;1.55810485E+22;0.00000000;1266862.50;1830.00000
49700.0000;294.593597;1.56124464E+22;0.00000000;1267713.12;1830.00000
49800.0000;294.607880;1.56438444E+22;0.00000000;1268562.62;1830.00000
49900.0000;294.622162;1.56752424E+22;0.00000000;1269411.00;1830.00000
50000.0000;294.636505;1.57066403E+22;0.00000000;1270258.25;1830.00000
50100.0000;294.650787;1.57380383E+22;0.00000000;1271104.38;1830.00000
50200.0000;294.663879;1.57694363E+22;0.00000000;1271949.38;1830.00000
50300.0000;294.678223;1.58008343E+22;0.00000000;1272793.25;1830.00000
50400.0000;294.692505;1.58322322E+22;0.00000000;1273636.00;1830.00000
50500.0000;294.705627;1.58636302E+22;0.00000000;1274477.62;1830.00000
50600.0000;294.719940;1.58950282E+22;0.00000000;1275318.12;1830.00000
50700.0000;294.733032;1.59264261E+22;0.00000000;1276157.62;1830.00000
50800.0000;294.747375;1.59578241E+22;0.00000000;1276996.00;1830.00000
50900.0000;294.761658;1.59892221E+22;0.00000000;1277833.25;1830.00000
51000.0000;294.774750;1.60206201E+22;0.00000000;1278669.38;1830.00000
51100.0000;294.787903;1.60520180E+22;0.00000000;1279504.38;1830.00000
51200.0000;294.802185;1.60834160E+22;0.00000000;1280338.38;1830.00000
51300.0000;294.815277;1.61148140E+22;0.00000000;1281171.25;1830.00000
51400.0000;294.828430;1.61462119E+22;0.00000000;1282003.00;1830.00000
51500.0000;294.842712;1.61776099E+22;0.00000000;1282833.75;1830.00000
51600.0000;294.855835;1.62090079E+22;0.00000000;1283663.38;1830.00000
51700.0000;294.868958;1.62404058E+22;0.00000000;1284492.00;1830.00000
51800.0000;294.882050;1.62718038E+22;0.00000000;1285319.50;1830.00000
51900.0000;294.895172;1.63032018E+22;0.00000000;1286146.00;1830.00000
52000.0000;294.908295;1.63345998E+22;0.00000000;1286971.38;1830.00000
52100.0000;294.921387;1.63659977E+22;0.00000000;1287795.75;1830.00000
52200.0000;294.934509;1.63973957E+22;0.00000000;1288619.00;1830.00000
52300.0000;294.947632;1.64287937E+22;0.00000000;1289441.25;1830.00000
52400.0000;294.960724;1.64601916E+22;0.00000000;1290262.38;1830.00000
52500.0000;294.973877;1.64915896E+22;0.00000000;1291082.50;1830.00000
52600.0000;294.986969;1.65229876E+22;0.00000000;1291901.62;1830.00000
52700.0000;295.000061;1.65543856E+22;0.00000000;1292719.62;1830.00000
52800.0000;295.013214;1.65857835E+22;0.00000000;1293536.62;1830.00000
52900.0000;295.026306;1.66171815E+22;0.00000000;1294352.62;1830.00000
53000.0000;295.038208;1.66485795E+22;0.00000000;1295167.62;1830.00000
53100.0000;295.051361;1.66799774E+22;0.00000000;1295981.62;1830.00000
53200.0000;295.064453;1.67113754E+22;0.00000000;1296794.50;1830.00000
53300.0000;295.076355;1.67427734E+22;0.00000000;1297606.38;1830.00000
53400.0000;295.089508;1.67741713E+22;0.00000000;1298417.25;1830.00000
53500.0000;295.102600;1.68055693E+22;0.00000000;1299227.12;1830.00000
53600.0000;295.114502;1.68369673E+22;0.00000000;1300036.00;1830.00000
53700.0000;295.127655;1.68683653E+22;0.00000000;1300843.88;1830.00000
53800.0000;295.139557;1.68997632E+22;0.00000000;1301650.75;1830.00000
53900.0000;295.152649;1.69311612E+22;0.00000000;1302456.62;1830.00000
54000.0000;295.164612;1.69625592E+22;0.00000000;1303261.50;1830.00000
54100.0000;295.177704;1.69939571E+22;0.00000000;1304065.38;1830.00000
54200.0000;295.189606;1.70253551E+22;0.00000000;1304868.25;1830.00000
54300.0000;295.201538;1.70567531E+22;0.00000000;1305670.12;1830.00000
54400.0000;295.214661;1.70881511E+22;0.00000000;1306471.00;1830.00000
54500.0000;295.226562;1.71195490E+22;0.00000000;1307271.00;1830.00000
54600.0000;295.238495;1.71509470E+22;0.00000000;1308070.00;1830.00000
54700.0000;295.250427;1.71823450E+22;0.00000000;1308868.00;1830.00000
54800.0000;295.263519;1.72137429E+22;0.00000000;1309665.00;1830.00000
54900.0000;295.275452;1.72451409E+22;0.00000000;1310461.00;1830.00000
55000.0000;295.287384;1.72765389E+22;0.00000000;1311256.12;1830.00000
55100.0000;295.299286;1.73079369E+22;0.00000000;1312050.25;1830.00000
55200.0000;295.311188;1.73393348E+22;0.00000000;1312843.38;1830.00000
55300.0000;295.323151;1.73707328E+22;0.00000000;1313635.62;1830.00000
55400.0000;295.335052;1.74021308E+22;0.00000000;1314426.88;1830.00000
55500.0000;295.346954;1.74335287E+22;0.00000000;1315217.25;1830.00000
55600.0000;295.358917;1.74649267E+22;0.00000000;1316006.62;1830.00000
55700.0000;295.370819;1.74963247E+22;0.00000000;1316795.00;1830.00000
55800.0000;295.382721;1.75277226E+22;0.00000000;1317582.50;1830.00000
55900.0000;295.394684;1.75591206E+22;0.00000000;1318369.00;1830.00000
56000.0000;295.406586;1.75905186E+22;0.00000000;1319154.62;1830.00000
56100.0000;295.418488;1.76219166E+22;0.00000000;1319939.25;1830.00000
56200.0000;295.429230;1.76533145E+22;0.00000000;1320723.00;1830.00000
56300.0000;295.441162;1.76847125E+22;0.00000000;1321505.88;1830.00000
56400.0000;295.453064;1.77161105E+22;0.00000000;1322287.75;1830.00000
56500.0000;295.464966;1.77475084E+22;0.00000000;1323068.75;1830.00000
56600.0000;295.476929;1.77789064E+22;0.00000000;1323848.75;1830.00000
56700.0000;295.487640;1.78103044E+22;0.00000000;1324627.88;1830.00000
56800.0000;295.499542;1.78417024E+22;0.00000000;1325406.12;1830.00000
56900.0000;295.510315;1.78731003E+22;0.00000000;1326183.50;1830.00000
57000.0000;295.522217;1.79044983E+22;0.00000000;1326959.88;1830.00000
57100.0000;295.534119;1.79358963E+22;0.00000000;1327735.38;1830.00000
57200.0000;295.544861;1.79672942E+22;0.00000000;1328510.00;1830.00000
57300.0000;295.555603;1.79986922E+22;0.00000000;1329283.62;1830.00000
57400.0000;295.567505;1.80300902E+22;0.00000000;1330056.38;1830.00000
57500.0000;295.579407;1.80614881E+22;0.00000000;1330828.25;1830.00000
57600.0000;295.590179;1.80928861E+22;0.00000000;1331599.25;1830.00000
57700.0000;295.600891;1.81242841E+22;0.00000000;1332369.38;1830.00000
57800.0000;295.612793;1.81556821E+22;0.00000000;1333138.62;1830.00000
57900.0000;295.623566;1.81870800E+22;0.00000000;1333907.00;1830.00000
58000.0000;295.634277;1.82184780E+22;0.00000000;1334674.50;1830.00000
58100.0000;295.646179;1.82498760E+22;0.00000000;1335441.00;1830.00000
58200.0000;295.656921;1.82812739E+22;0.00000000;1336206.75;1830.00000
58300.0000;295.667664;1.83126719E+22;0.00000000;1336971.62;1830.00000
58400.0000;295.678375;1.83440699E+22;0.00000000;1337735.62;1830.00000
58500.0000;295.690277;1.83754679E+22;0.00000000;1338498.75;1830.00000
58600.0000;295.701050;1.84068658E+22;0.00000000;1339261.00;1830.00000
58700.0000;295.711761;1.84382638E+22;0.00000000;1340022.38;1830.00000
58800.0000;295.722473;1.84696618E+22;0.00000000;1340782.88;1830.00000
58900.0000;295.733215;1.85010597E+22;0.00000000;1341542.50;1830.00000
59000.0000;295.743958;1.85324577E+22;0.00000000;1342301.25;1830.00000
59100.0000;295.754669;1.85638557E+22;0.00000000;1343059.12;1830.00000
59200.0000;295.765381;1.85952536E+22;0.00000000;1343816.12;1830.00000
59300.0000;295.776154;1.86266516E+22;0.00000000;1344572.25;1830.00000
59400.0000;295.786865;1.86580496E+22;0.00000000;1345327.62;1830.00000
59500.0000;295.797577;1.86894476E+22;0.00000000;1346082.12;1830.00000
59600.0000;295.808289;1.87208455E+22;0.00000000;1346835.75;1830.00000
59700.0000;295.819061;1.87522435E+22;0.00000000;1347588.62;1830.00000
59800.0000;295.829773;1.87836415E+22;0.00000000;1348340.62;1830.00000
59900.0000;295.840485;1.88150394E+22;0.00000000;1349091.75;1830.00000
60000.0000;295.851257;1.88464374E+22;0.00000000;1349842.12;1830.00000
60100.0000;295.860779;1.88778354E+22;0.00000000;1350591.62;1830.00000
60200.0000;295.871490;1.89092322E+22;0.00000000;1351340.25;1830.00000
60300.0000;295.882202;1.89406291E+22;0.00000000;1352088.12;1830.00000
60400.0000;295.892975;1.89720259E+22;0.00000000;1352835.12;1830.00000
60500.0000;295.903687;1.90034228E+22;0.00000000;1353581.25;1830.00000
60600.0000;295.913208;1.90348196E+22;0.00000000;1354326.62;1830.00000
60700.0000;295.923950;1.90662165E+22;0.00000000;1355071.12;1830.00000
60800.0000;295.934692;1.90976133E+22;0.00000000;1355814.88;1830.00000
60900.0000;295.944214;1.91290101E+22;0.00000000;1356557.75;1830.00000
61000.0000;295.954926;1.91604070E+22;0.00000000;1357299.88;1830.00000
61100.0000;295.964478;1.91918038E+22;0.00000000;1358041.12;1830.00000
61200.0000;295.975220;1.92232007E+22;0.00000000;1358781.62;1830.00000
61300.0000;295.984741;1.92545975E+22;0.00000000;1359521.25;1830.00000
61400.0000;295.995453;1.92859944E+22;0.00000000;1360260.12;1830.00000
61500.0000;296.005035;1.93173912E+22;0.00000000;1360998.25;1830.00000
61600.0000;296.015747;1.93487881E+22;0.00000000;1361735.50;1830.00000
61700.0000;296.025269;1.93801849E+22;0.00000000;1362472.00;1830.00000
61800.0000;296.035980;1.94115817E+22;0.00000000;1363207.62;1830.00000
61900.0000;296.045563;1.94429786E+22;0.00000000;1363942.50;1830.00000
62000.0000;296.056274;1.94743754E+22;0.00000000;1364676.62;1830.00000
62100.0000;296.065796;1.95057723E+22;0.00000000;1365409.88;1830.00000
62200.0000;296.075317;1.95371691E+22;0.00000000;1366142.38;1830.00000
62300.0000;296.084900;1.95685660E+22;0.00000000;1366874.12;1830.00000
62400.0000;296.095612;1.95999628E+22;0.00000000;1367605.12;1830.00000
62500.0000;296.105133;1.96313597E+22;0.00000000;1368335.25;1830.00000
62600.0000;296.114685;1.96627565E+22;0.00000000;1369064.62;1830.00000
62700.0000;296.125427;1.96941534E+22;0.00000000;1369793.25;1830.00000
62800.0000;296.134949;1.97255502E+22;0.00000000;1370521.12;1830.00000
62900.0000;296.144470;1.97569470E+22;0.00000000;1371248.25;1830.00000
63000.0000;296.154022;1.97883439E+22;0.00000000;1371974.62;1830.00000
63100.0000;296.163574;1.98197407E+22;0.00000000;1372700.12;1830.00000
63200.0000;296.173096;1.98511376E+22;0.00000000;1373424.88;1830.00000
63300.0000;296.183807;1.98825344E+22;0.00000000;1374148.88;1830.00000
63400.0000;296.193359;1.99139313E+22;0.00000000;1374872.12;1830.00000
63500.0000;296.202911;1.99453281E+22;0.00000000;1375594.62;1830.00000
63600.0000;296.212433;1.99767250E+22;0.00000000;1376316.38;1830.00000
63700.0000;296.221954;2.00081218E+22;0.00000000;1377037.38;1830.00000
63800.0000;296.231506;2.00395186E+22;0.00000000;1377757.62;1830.00000
63900.0000;296.241058;2.00709155E+22;0.00000000;1378477.12;1830.00000
64000.0000;296.250580;2.01023123E+22;0.00000000;1379195.88;1830.00000
64100.0000;296.260101;2.01337092E+22;0.00000000;1379913.88;1830.00000
64200.0000;296.269653;2.01651060E+22;0.00000000;1380631.12;1830.00000
64300.0000;296.279205;2.01965029E+22;0.00000000;1381347.62;1830.00000
64400.0000;296.287537;2.02278997E+22;0.00000000;1382063.38;1830.00000
64500.0000;296.297058;2.02592966E+22;0.00000000;1382778.38;1830.00000
64600.0000;296.306610;2.02906934E+22;0.00000000;1383492.62;1830.00000
64700.0000;296.316162;2.03220902E+22;0.00000000;1384206.12;1830.00000
64800.0000;296.325684;2.03534871E+22;0.00000000;1384918.88;1830.00000
64900.0000;296.335205;2.03848839E+22;0.00000000;1385630.88;1830.00000
65000.0000;296.343567;2.04162808E+22;0.00000000;1386342.25;1830.00000
65100.0000;296.353119;2.04476776E+22;0.00000000;1387052.88;1830.00000
65200.0000;296.362640;2.04790745E+22;0.00000000;1387762.75;1830.00000
65300.0000;296.372162;2.05104713E+22;0.00000000;1388471.88;1830.00000
65400.0000;296.380493;2.05418682E+22;0.00000000;1389180.25;1830.00000
65500.0000;296.390076;2.05732650E+22;0.00000000;1389888.00;1830.00000
65600.0000;296.399597;2.06046618E+22;0.00000000;1390595.00;1830.00000
65700.0000;296.407928;2.06360587E+22;0.00000000;1391301.25;1830.00000
65800.0000;296.417450;2.06674555E+22;0.00000000;1392006.75;1830.00000
65900.0000;296.427032;2.06988524E+22;0.00000000;1392711.62;1830.00000
66000.0000;296.435364;2.07302492E+22;0.00000000;1393415.75;1830.00000
66100.0000;296.444885;2.07616461E+22;0.00000000;1394119.12;1830.00000
66200.0000;296.453217;2.07930429E+22;0.00000000;1394821.88;1830.00000
66300.0000;296.462799;2.08244398E+22;0.00000000;1395523.88;1830.00000
66400.0000;296.471130;2.08558366E+22;0.00000000;1396225.12;1830.00000
66500.0000;296.480652;2.08872335E+22;0.00000000;1396925.75;1830.00000
66600.0000;296.488983;2.09186303E+22;0.00000000;1397625.62;1830.00000
66700.0000;296.498535;2.09500271E+22;0.00000000;1398324.88;1830.00000
66800.0000;296.506897;2.09814240E+22;0.00000000;1399023.38;1830.00000
66900.0000;296.516418;2.10128208E+22;0.00000000;1399721.12;1830.00000
67000.0000;296.524750;2.10442177E+22;0.00000000;1400418.25;1830.00000
67100.0000;296.533081;2.10756145E+22;0.00000000;1401114.62;1830.00000
67200.0000;296.542664;2.11070114E+22;0.00000000;1401810.38;1830.00000
67300.0000;296.550995;2.11384082E+22;0.00000000;1402505.38;1830.00000
67400.0000;296.559326;2.11698051E+22;0.00000000;1403199.75;1830.00000
67500.0000;296.568848;2.12012019E+22;0.00000000;1403893.38;1830.00000
67600.0000;296.577240;2.12325987E+22;0.00000000;1404586.38;1830.00000
67700.0000;296.585571;2.12639956E+22;0.00000000;1405278.62;1830.00000
67800.0000;296.595093;2.12953924E+22;0.00000000;1405970.25;1830.00000
67900.0000;296.603424;2.13267893E+22;0.00000000;1406661.25;1830.00000
68000.0000;296.611786;2.13581861E+22;0.00000000;1407351.50;1830.00000
68100.0000;296.620148;2.13895830E+22;0.00000000;1408041.12;1830.00000
68200.0000;296.629669;2.14209798E+22;0.00000000;1408730.00;1830.00000
68300.0000;296.638000;2.14523767E+22;0.00000000;1409418.25;1830.00000
68400.0000;296.646332;2.14837735E+22;0.00000000;1410105.88;1830.00000
68500.0000;296.654724;2.15151703E+22;0.00000000;1410792.75;1830.00000
68600.0000;296.663055;2.15465672E+22;0.00000000;1411479.00;1830.00000
68700.0000;296.671387;2.15779640E+22;0.00000000;1412164.62;1830.00000
68800.0000;296.679718;2.16093609E+22;0.00000000;1412849.50;1830.00000
68900.0000;296.688080;2.16407577E+22;0.00000000;1413533.75;1830.00000
69000.0000;296.697632;2.16721546E+22;0.00000000;1414217.38;1830.00000
69100.0000;296.705963;2.17035514E+22;0.00000000;1414900.25;1830.00000
69200.0000;296.714294;2.17349483E+22;0.00000000;1415582.50;1830.00000
69300.0000;296.722626;2.17663451E+22;0.00000000;1416264.12;1830.00000
69400.0000;296.731018;2.17977420E+22;0.00000000;1416945.12;1830.00000
69500.0000;296.739349;2.18291388E+22;0.00000000;1417625.38;1830.00000
69600.0000;296.747681;2.18605356E+22;0.00000000;1418305.00;1830.00000
69700.0000;296.756012;2.18919325E+22;0.00000000;1418984.00;1830.00000
69800.0000;296.764374;2.19233293E+22;0.00000000;1419662.38;1830.00000
69900.0000;296.771545;2.19547262E+22;0.00000000;1420340.12;1830.00000
70000.0000;296.779877;2.19861230E+22;0.00000000;1421017.25;1830.00000
70100.0000;296.788208;2.20175199E+22;0.00000000;1421693.62;1830.00000
70200.0000;296.796539;2.20489167E+22;0.00000000;1422369.38;1830.00000
70300.0000;296.804932;2.20803136E+22;0.00000000;1423044.50;1830.00000
70400.0000;296.813263;2.21117104E+22;0.00000000;1423719.00;1830.00000
70500.0000;296.821594;2.21431072E+22;0.00000000;1424392.88;1830.00000
70600.0000;296.828735;2.21745041E+22;0.00000000;1425066.12;1830.00000
70700.0000;296.837067;2.22059009E+22;0.00000000;1425738.75;1830.00000
70800.0000;296.845459;2.22372978E+22;0.00000000;1426410.75;1830.00000
70900.0000;296.853790;2.22686946E+22;0.00000000;1427082.00;1830.00000
71000.0000;296.862122;2.23000915E+22;0.00000000;1427752.62;1830.00000
71100.0000;296.869263;2.23314883E+22;0.00000000;1428422.62;1830.00000
71200.0000;296.877625;2.23628852E+22;0.00000000;1429092.00;1830.00000
71300.0000;296.885986;2.23942820E+22;0.00000000;1429760.75;1830.00000
71400.0000;296.893127;2.24256788E+22;0.00000000;1430428.88;1830.00000
71500.0000;296.901459;2.24570757E+22;0.00000000;1431096.50;1830.00000
71600.0000;296.909790;2.24884725E+22;0.00000000;1431763.38;1830.00000
71700.0000;296.916962;2.25198694E+22;0.00000000;1432429.62;1830.00000
71800.0000;296.925323;2.25512662E+22;0.00000000;1433095.25;1830.00000
71900.0000;296.933655;2.25826631E+22;0.00000000;1433760.38;1830.00000
72000.0000;296.940796;2.26140599E+22;0.00000000;1434424.88;1830.00000
72100.0000;296.949127;2.26454568E+22;0.00000000;1435088.75;1830.00000
72200.0000;296.956299;2.26768536E+22;0.00000000;1435752.00;1830.00000
72300.0000;296.964661;2.27082505E+22;0.00000000;1436414.62;1830.00000
72400.0000;296.972992;2.27396473E+22;0.00000000;1437076.62;1830.00000
72500.0000;296.980133;2.27710441E+22;0.00000000;1437738.00;1830.00000
72600.0000;296.988464;2.28024410E+22;0.00000000;1438398.75;1830.00000
72700.0000;296.995667;2.28338378E+22;0.00000000;1439059.00;1830.00000
72800.0000;297.003998;2.28652347E+22;0.00000000;1439718.62;1830.00000
72900.0000;297.011139;2.28966315E+22;0.00000000;1440377.62;1830.00000
73000.0000;297.018280;2.29280284E+22;0.00000000;1441036.00;1830.00000
73100.0000;297.026611;2.29594252E+22;0.00000000;1441693.75;1830.00000
73200.0000;297.033813;2.29908221E+22;0.00000000;1442351.00;1830.00000
73300.0000;297.042145;2.30222189E+22;0.00000000;1443007.62;1830.00000
73400.0000;297.049286;2.30536157E+22;0.00000000;1443663.62;1830.00000
73500.0000;297.057617;2.30850126E+22;0.00000000;1444319.00;1830.00000
73600.0000;297.064758;2.31164094E+22;0.00000000;1444973.88;1830.00000
73700.0000;297.071960;2.31478063E+22;0.00000000;1445628.12;1830.00000
73800.0000;297.080292;2.31792031E+22;0.00000000;1446281.75;1830.00000
73900.0000;297.087433;2.32106000E+22;0.00000000;1446934.75;1830.00000
74000.0000;297.094574;2.32419968E+22;0.00000000;1447587.25;1830.00000
74100.0000;297.102905;2.32733937E+22;0.00000000;1448239.12;1830.00000
74200.0000;297.110107;2.33047905E+22;0.00000000;1448890.38;1830.00000
74300.0000;297.117249;2.33361873E+22;0.00000000;1449541.12;1830.00000
74400.0000;297.124390;2.33675842E+22;0.00000000;1450191.25;1830.00000
74500.0000;297.132721;2.33989810E+22;0.00000000;1450840.75;1830.00000
74600.0000;297.139862;2.34303779E+22;0.00000000;1451489.75;1830.00000
74700.0000;297.147034;2.34617747E+22;0.00000000;1452138.12;1830.00000
74800.0000;297.154205;2.34931716E+22;0.00000000;1452785.88;1830.00000
74900.0000;297.161926;2.35245684E+22;0.00000000;1453433.12;1830.00000
75000.0000;297.169678;2.35559653E+22;0.00000000;1454079.75;1830.00000
75100.0000;297.176819;2.35873621E+22;0.00000000;1454725.88;1830.00000
75200.0000;297.183990;2.36187590E+22;0.00000000;1455371.38;1830.00000
75300.0000;297.191162;2.36501558E+22;0.00000000;1456016.25;1830.00000
75400.0000;297.198303;2.36815526E+22;0.00000000;1456660.62;1830.00000
75500.0000;297.205444;2.37129495E+22;0.00000000;1457304.38;1830.00000
75600.0000;297.213776;2.37443463E+22;0.00000000;1457947.62;1830.00000
75700.0000;297.220947;2.37757432E+22;0.00000000;1458590.25;1830.00000
75800.0000;297.228119;2.38071400E+22;0.00000000;1459232.38;1830.00000
75900.0000;297.235260;2.38385369E+22;0.00000000;1459873.88;1830.00000
76000.0000;297.242401;2.38699337E+22;0.00000000;1460514.88;1830.00000
76100.0000;297.249542;2.39013306E+22;0.00000000;1461155.25;1830.00000
76200.0000;297.256683;2.39327274E+22;0.00000000;1461795.12;1830.00000
76300.0000;297.263885;2.39641242E+22;0.00000000;1462434.38;1830.00000
76400.0000;297.271027;2.39955211E+22;0.00000000;1463073.12;1830.00000
76500.0000;297.278168;2.40269179E+22;0.00000000;1463711.25;1830.00000
76600.0000;297.285309;2.40583148E+22;0.00000000;1464348.88;1830.00000
76700.0000;297.292450;2.40897116E+22;0.00000000;1464985.88;1830.00000
76800.0000;297.299622;2.41211085E+22;0.00000000;1465622.38;1830.00000
76900.0000;297.306793;2.41525053E+22;0.00000000;1466258.38;1830.00000
77000.0000;297.313934;2.41839022E+22;0.00000000;1466893.75;1830.00000
77100.0000;297.321075;2.42152990E+22;0.00000000;1467528.62;1830.00000
77200.0000;297.327026;2.42466958E+22;0.00000000;1468163.00;1830.00000
77300.0000;297.334167;2.42780927E+22;0.00000000;1468796.75;1830.00000
77400.0000;297.341370;2.43094895E+22;0.00000000;1469430.00;1830.00000
77500.0000;297.348511;2.43408864E+22;0.00000000;1470062.62;1830.00000
77600.0000;297.355652;2.43722832E+22;0.00000000;1470694.75;1830.00000
77700.0000;297.362793;2.44036801E+22;0.00000000;1471326.38;1830.00000
77800.0000;297.369934;2.44350769E+22;0.00000000;1471957.38;1830.00000
77900.0000;297.375916;2.44664738E+22;0.00000000;1472587.88;1830.00000
78000.0000;297.383087;2.44978706E+22;0.00000000;1473217.88;1830.00000
78100.0000;297.390228;2.45292674E+22;0.00000000;1473847.38;1830.00000
78200.0000;297.397369;2.45606643E+22;0.00000000;1474476.25;1830.00000
78300.0000;297.404510;2.45920611E+22;0.00000000;1475104.62;1830.00000
78400.0000;297.410461;2.46234580E+22;0.00000000;1475732.50;1830.00000
78500.0000;297.417664;2.46548548E+22;0.00000000;1476359.75;1830.00000
78600.0000;297.424805;2.46862517E+22;0.00000000;1476986.50;1830.00000
78700.0000;297.431946;2.47176485E+22;0.00000000;1477612.75;1830.00000
78800.0000;297.437897;2.47490454E+22;0.00000000;1478238.38;1830.00000
78900.0000;297.445038;2.47804422E+22;0.00000000;1478863.50;1830.00000
79000.0000;297.452209;2.48118391E+22;0.00000000;1479488.12;1830.00000
79100.0000;297.458191;2.48432359E+22;0.00000000;1480112.25;1830.00000
79200.0000;297.465332;2.48746327E+22;0.00000000;1480735.88;1830.00000
79300.0000;297.472473;2.49060296E+22;0.00000000;1481358.88;1830.00000
79400.0000;297.478424;2.49374264E+22;0.00000000;1481981.38;1830.00000
79500.0000;297.485565;2.49688233E+22;0.00000000;1482603.38;1830.00000
79600.0000;297.492767;2.50002201E+22;0.00000000;1483224.88;1830.00000
79700.0000;297.498718;2.50316170E+22;0.00000000;1483845.88;1830.00000
79800.0000;297.505859;2.50630138E+22;0.00000000;1484466.38;1830.00000
79900.0000;297.511810;2.50944107E+22;0.00000000;1485086.38;1830.00000
80000.0000;297.518951;2.51258075E+22;0.00000000;1485705.75;1830.00000
80100.0000;297.525513;2.51572043E+22;0.00000000;1486324.62;1830.00000
80200.0000;297.532104;2.51886012E+22;0.00000000;1486943.00;1830.00000
80300.0000;297.539246;2.52199980E+22;0.00000000;1487560.88;1830.00000
80400.0000;297.545197;2.52513949E+22;0.00000000;1488178.25;1830.00000
80500.0000;297.552338;2.52827917E+22;0.00000000;1488795.12;1830.00000
80600.0000;297.558289;2.53141886E+22;0.00000000;1489411.50;1830.00000
80700.0000;297.565460;2.53455854E+22;0.00000000;1490027.38;1830.00000
80800.0000;297.571442;2.53769823E+22;0.00000000;1490642.75;1830.00000
80900.0000;297.578583;2.54083791E+22;0.00000000;1491257.62;1830.00000
81000.0000;297.584534;2.54397759E+22;0.00000000;1491871.88;1830.00000
81100.0000;297.591064;2.54711728E+22;0.00000000;1492485.75;1830.00000
81200.0000;297.597626;2.55025696E+22;0.00000000;1493099.12;1830.00000
81300.0000;297.603607;2.55339665E+22;0.00000000;1493712.00;1830.00000
81400.0000;297.610779;2.55653633E+22;0.00000000;1494324.25;1830.00000
81500.0000;297.616730;2.55967602E+22;0.00000000;1494936.00;1830.00000
81600.0000;297.623871;2.56281570E+22;0.00000000;1495547.25;1830.00000
81700.0000;297.629822;2.56595539E+22;0.00000000;1496158.00;1830.00000
81800.0000;297.635773;2.56909507E+22;0.00000000;1496768.25;1830.00000
81900.0000;297.642944;2.57223476E+22;0.00000000;1497378.00;1830.00000
82000.0000;297.648926;2.57537444E+22;0.00000000;1497987.38;1830.00000
82100.0000;297.654877;2.57851412E+22;0.00000000;1498596.25;1830.00000
82200.0000;297.662018;2.58165381E+22;0.00000000;1499204.62;1830.00000
82300.0000;297.667969;2.58479349E+22;0.00000000;1499812.50;1830.00000
82400.0000;297.673920;2.58793318E+22;0.00000000;1500419.88;1830.00000
82500.0000;297.681091;2.59107286E+22;0.00000000;1501026.75;1830.00000
82600.0000;297.687073;2.59421255E+22;0.00000000;1501633.12;1830.00000
82700.0000;297.693024;2.59735223E+22;0.00000000;1502239.00;1830.00000
82800.0000;297.700165;2.60049192E+22;0.00000000;1502844.38;1830.00000
82900.0000;297.706116;2.60363160E+22;0.00000000;1503449.25;1830.00000
83000.0000;297.712067;2.60677128E+22;0.00000000;1504053.62;1830.00000
83100.0000;297.718048;2.60991097E+22;0.00000000;1504657.62;1830.00000
83200.0000;297.725220;2.61305065E+22;0.00000000;1505261.12;1830.00000
83300.0000;297.731171;2.61619034E+22;0.00000000;1505864.12;1830.00000
83400.0000;297.737122;2.61933002E+22;0.00000000;1506466.62;1830.00000
83500.0000;297.743073;2.62246971E+22;0.00000000;1507068.62;1830.00000
83600.0000;297.749023;2.62560939E+22;0.00000000;1507670.12;1830.00000
83700.0000;297.756195;2.62874908E+22;0.00000000;1508271.25;1830.00000
83800.0000;297.762177;2.63188876E+22;0.00000000;1508871.75;1830.00000
83900.0000;297.768127;2.63502844E+22;0.00000000;1509471.88;1830.00000
84000.0000;297.774078;2.63816813E+22;0.00000000;1510071.50;1830.00000
84100.0000;297.780029;2.64130781E+22;0.00000000;1510670.62;1830.00000
84200.0000;297.785980;2.64444750E+22;0.00000000;1511269.25;1830.00000
84300.0000;297.792542;2.64758718E+22;0.00000000;1511867.38;1830.00000
84400.0000;297.799133;2.65072687E+22;0.00000000;1512465.12;1830.00000
84500.0000;297.805084;2.65386655E+22;0.00000000;1513062.38;1830.00000
84600.0000;297.811035;2.65700624E+22;0.00000000;1513659.12;1830.00000
84700.0000;297.816986;2.66014592E+22;0.00000000;1514255.38;1830.00000
84800.0000;297.822937;2.66328561E+22;0.00000000;1514851.25;1830.00000
84900.0000;297.828888;2.66642529E+22;0.00000000;1515446.62;1830.00000
85000.0000;297.834900;2.66956497E+22;0.00000000;1516041.50;1830.00000
85100.0000;297.840851;2.67270466E+22;0.00000000;1516636.00;1830.00000
85200.0000;297.846802;2.67584434E+22;0.00000000;1517230.00;1830.00000
85300.0000;297.852753;2.67898403E+22;0.00000000;1517823.50;1830.00000
85400.0000;297.858704;2.68212371E+22;0.00000000;1518416.50;1830.00000
85500.0000;297.864655;2.68526340E+22;0.00000000;1519009.12;1830.00000
85600.0000;297.870636;2.68840308E+22;0.00000000;1519601.25;1830.00000
85700.0000;297.876617;2.69154277E+22;0.00000000;1520192.88;1830.00000
85800.0000;297.882568;2.69468245E+22;0.00000000;1520784.12;1830.00000
85900.0000;297.888519;2.69782213E+22;0.00000000;1521374.88;1830.00000
86000.0000;297.894470;2.70096182E+22;0.00000000;1521965.12;1830.00000
86100.0000;297.900421;2.70410150E+22;0.00000000;1522555.00;1830.00000
86200.0000;297.906372;2.70724119E+22;0.00000000;1523144.38;1830.00000
86300.0000;297.912384;2.71038087E+22;0.00000000;1523733.25;1830.00000
86400.0000;297.918335;2.71352056E+22;0.00000000;1524321.75;1830.00000
86500.0000;297.924286;2.71666024E+22;0.00000000;1524909.75;1830.00000
86600.0000;297.930237;2.71979993E+22;0.00000000;1525497.25;1830.00000
86700.0000;297.936188;2.72293961E+22;0.00000000;1526084.38;1830.00000
86800.0000;297.941528;2.72607929E+22;0.00000000;1526671.00;1830.00000
86900.0000;297.946930;2.72921898E+22;0.00000000;1527257.25;1830.00000
87000.0000;297.952911;2.73235866E+22;0.00000000;1527843.00;1830.00000
87100.0000;297.958862;2.73549835E+22;0.00000000;1528428.38;1830.00000
87200.0000;297.964813;2.73863803E+22;0.00000000;1529013.25;1830.00000
87300.0000;297.970764;2.74177772E+22;0.00000000;1529597.75;1830.00000
87400.0000;297.976715;2.74491740E+22;0.00000000;1530181.75;1830.00000
87500.0000;297.982056;2.74805709E+22;0.00000000;1530765.25;1830.00000
87600.0000;297.987488;2.75119677E+22;0.00000000;1531348.38;1830.00000
87700.0000;297.993439;2.75433646E+22;0.00000000;1531931.00;1830.00000
87800.0000;297.999390;2.75747614E+22;0.00000000;1532513.25;1830.00000
87900.0000;298.005341;2.76061582E+22;0.00000000;1533095.00;1830.00000
88000.0000;298.010681;2.76375551E+22;0.00000000;1533676.38;1830.00000
88100.0000;298.016052;2.76689519E+22;0.00000000;1534257.25;1830.00000
88200.0000;298.022034;2.77003488E+22;0.00000000;1534837.62;1830.00000
88300.0000;298.028015;2.77317456E+22;0.00000000;1535417.62;1830.00000
88400.0000;298.033386;2.77631425E+22;0.00000000;1535997.25;1830.00000
88500.0000;298.038727;2.77945393E+22;0.00000000;1536576.38;1830.00000
88600.0000;298.044678;2.78259362E+22;0.00000000;1537155.12;1830.00000
88700.0000;298.050629;2.78573330E+22;0.00000000;1537733.38;1830.00000
88800.0000;298.055969;2.78887298E+22;0.00000000;1538311.25;1830.00000
88900.0000;298.061371;2.79201267E+22;0.00000000;1538888.62;1830.00000
89000.0000;298.067352;2.79515235E+22;0.00000000;1539465.62;1830.00000
89100.0000;298.072693;2.79829204E+22;0.00000000;1540042.12;1830.00000
89200.0000;298.078064;2.80143172E+22;0.00000000;1540618.25;1830.00000
89300.0000;298.084015;2.80457141E+22;0.00000000;1541193.88;1830.00000
89400.0000;298.089355;2.80771109E+22;0.00000000;1541769.12;1830.00000
89500.0000;298.094727;2.81085078E+22;0.00000000;1542344.00;1830.00000
89600.0000;298.100708;2.81399046E+22;0.00000000;1542918.38;1830.00000
89700.0000;298.106079;2.81713014E+22;0.00000000;1543492.38;1830.00000
89800.0000;298.111450;2.82026983E+22;0.00000000;1544065.88;1830.00000
89900.0000;298.117401;2.82340951E+22;0.00000000;1544639.00;1830.00000
90000.0000;298.122162;2.82654920E+22;0.00000000;1545211.75;1830.00000
90100.0000;298.128113;2.82968888E+22;0.00000000;1545784.00;1830.00000
90200.0000;298.133484;2.83282857E+22;0.00000000;1546355.88;1830.00000
90300.0000;298.138855;2.83596825E+22;0.00000000;1546927.25;1830.00000
90400.0000;298.144836;2.83910794E+22;0.00000000;1547498.25;1830.00000
90500.0000;298.149597;2.84224762E+22;0.00000000;1548068.75;1830.00000
90600.0000;298.155548;2.84538731E+22;0.00000000;1548638.88;1830.00000
90700.0000;298.160309;2.84852699E+22;0.00000000;1549208.62;1830.00000
90800.0000;298.166260;2.85166667E+22;0.00000000;1549777.88;1830.00000
90900.0000;298.171631;2.85480636E+22;0.00000000;1550346.75;1830.00000
91000.0000;298.177002;2.85794604E+22;0.00000000;1550915.25;1830.00000
91100.0000;298.182373;2.86108573E+22;0.00000000;1551483.38;1830.00000
91200.0000;298.187744;2.86422541E+22;0.00000000;1552051.00;1830.00000
91300.0000;298.193115;2.86736510E+22;0.00000000;1552618.25;1830.00000
91400.0000;298.198456;2.87050478E+22;0.00000000;1553185.12;1830.00000
91500.0000;298.203796;2.87364447E+22;0.00000000;1553751.50;1830.00000
91600.0000;298.209167;2.87678415E+22;0.00000000;1554317.50;1830.00000
91700.0000;298.214539;2.87992383E+22;0.00000000;1554883.12;1830.00000
91800.0000;298.219940;2.88306352E+22;0.00000000;1555448.25;1830.00000
91900.0000;298.224701;2.88620320E+22;0.00000000;1556013.00;1830.00000
92000.0000;298.230652;2.88934289E+22;0.00000000;1556577.38;1830.00000
92100.0000;298.235413;2.89248257E+22;0.00000000;1557141.38;1830.00000
92200.0000;298.241364;2.89562226E+22;0.00000000;1557704.88;1830.00000
92300.0000;298.246124;2.89876194E+22;0.00000000;1558268.00;1830.00000
92400.0000;298.252106;2.90190163E+22;0.00000000;1558830.75;1830.00000
92500.0000;298.256897;2.90504131E+22;0.00000000;1559393.12;1830.00000
92600.0000;298.261658;2.90818099E+22;0.00000000;1559955.12;1830.00000
92700.0000;298.267609;2.91132068E+22;0.00000000;1560516.62;1830.00000
92800.0000;298.272369;2.91446036E+22;0.00000000;1561077.75;1830.00000
92900.0000;298.277710;2.91760005E+22;0.00000000;1561638.50;1830.00000
93000.0000;298.283081;2.92073973E+22;0.00000000;1562198.75;1830.00000
93100.0000;298.287842;2.92387942E+22;0.00000000;1562758.62;1830.00000
93200.0000;298.293854;2.92701910E+22;0.00000000;1563318.12;1830.00000
93300.0000;298.298615;2.93015879E+22;0.00000000;1563877.25;1830.00000
93400.0000;298.303375;2.93329847E+22;0.00000000;1564436.00;1830.00000
93500.0000;298.309326;2.93643815E+22;0.00000000;1564994.25;1830.00000
93600.0000;298.314087;2.93957784E+22;0.00000000;1565552.12;1830.00000
93700.0000;298.318848;2.94271752E+22;0.00000000;1566109.62;1830.00000
93800.0000;298.324799;2.94585721E+22;0.00000000;1566666.75;1830.00000
93900.0000;298.329590;2.94899689E+22;0.00000000;1567223.50;1830.00000
94000.0000;298.334381;2.95213658E+22;0.00000000;1567779.88;1830.00000
94100.0000;298.339722;2.95527626E+22;0.00000000;1568335.88;1830.00000
94200.0000;298.345093;2.95841595E+22;0.00000000;1568891.38;1830.00000
94300.0000;298.349854;2.96155563E+22;0.00000000;1569446.50;1830.00000
94400.0000;298.354614;2.96469532E+22;0.00000000;1570001.25;1830.00000
94500.0000;298.360565;2.96783500E+22;0.00000000;1570555.62;1830.00000
94600.0000;298.365356;2.97097468E+22;0.00000000;1571109.62;1830.00000
94700.0000;298.370148;2.97411437E+22;0.00000000;1571663.25;1830.00000
94800.0000;298.374908;2.97725405E+22;0.00000000;1572216.50;1830.00000
94900.0000;298.380859;2.98039374E+22;0.00000000;1572769.38;1830.00000
95000.0000;298.385620;2.98353342E+22;0.00000000;1573321.75;1830.00000
95100.0000;298.390381;2.98667311E+22;0.00000000;1573873.75;1830.00000
95200.0000;298.395142;2.98981279E+22;0.00000000;1574425.38;1830.00000
95300.0000;298.400513;2.99295248E+22;0.00000000;1574976.62;1830.00000
95400.0000;298.405884;2.99609216E+22;0.00000000;1575527.50;1830.00000
95500.0000;298.410675;2.99923184E+22;0.00000000;1576078.00;1830.00000
95600.0000;298.415436;3.00237153E+22;0.00000000;1576628.12;1830.00000
95700.0000;298.420197;3.00551121E+22;0.00000000;1577177.88;1830.00000
95800.0000;298.425537;3.00865090E+22;0.00000000;1577727.25;1830.00000
95900.0000;298.430908;3.01179058E+22;0.00000000;1578276.25;1830.00000
96000.0000;298.435669;3.01493027E+22;0.00000000;1578824.88;1830.00000
96100.0000;298.440430;3.01806995E+22;0.00000000;1579373.12;1830.00000
96200.0000;298.445251;3.02120964E+22;0.00000000;1579921.00;1830.00000
96300.0000;298.450012;3.02434932E+22;0.00000000;1580468.50;1830.00000
96400.0000;298.454773;3.02748900E+22;0.00000000;1581015.62;1830.00000
96500.0000;298.459534;3.03062869E+22;0.00000000;1581562.38;1830.00000
96600.0000;298.464905;3.03376837E+22;0.00000000;1582108.62;1830.00000
96700.0000;298.470245;3.03690806E+22;0.00000000;1582654.62;1830.00000
96800.0000;298.475006;3.04004774E+22;0.00000000;1583200.25;1830.00000
96900.0000;298.479797;3.04318743E+22;0.00000000;1583745.50;1830.00000
97000.0000;298.484589;3.04632711E+22;0.00000000;1584290.38;1830.00000
97100.0000;298.489349;3.04946680E+22;0.00000000;1584834.88;1830.00000
97200.0000;298.494110;3.05260648E+22;0.00000000;1585379.00;1830.00000
97300.0000;298.498871;3.05574617E+22;0.00000000;1585922.75;1830.00000
97400.0000;298.503632;3.05888585E+22;0.00000000;1586466.12;1830.00000
97500.0000;298.508392;3.06202553E+22;0.00000000;1587009.12;1830.00000
97600.0000;298.513153;3.06516522E+22;0.00000000;1587551.75;1830.00000
97700.0000;298.517944;3.06830490E+22;0.00000000;1588094.00;1830.00000
97800.0000;298.522736;3.07144459E+22;0.00000000;1588635.88;1830.00000
97900.0000;298.527496;3.07458427E+22;0.00000000;1589177.38;1830.00000
98000.0000;298.532837;3.07772396E+22;0.00000000;1589718.50;1830.00000
98100.0000;298.537598;3.08086364E+22;0.00000000;1590259.25;1830.00000
98200.0000;298.542358;3.08400333E+22;0.00000000;1590799.62;1830.00000
98300.0000;298.547119;3.08714301E+22;0.00000000;1591339.62;1830.00000
98400.0000;298.551880;3.09028269E+22;0.00000000;1591879.25;1830.00000
98500.0000;298.556702;3.09342238E+22;0.00000000;1592418.50;1830.00000
98600.0000;298.560883;3.09656206E+22;0.00000000;1592957.38;1830.00000
98700.0000;298.565643;3.09970175E+22;0.00000000;1593495.88;1830.00000
98800.0000;298.570404;3.10284143E+22;0.00000000;1594034.12;1830.00000
98900.0000;298.575165;3.10598112E+22;0.00000000;1594572.00;1830.00000
99000.0000;298.579926;3.10912080E+22;0.00000000;1595109.50;1830.00000
99100.0000;298.584686;3.11226049E+22;0.00000000;1595646.62;1830.00000
99200.0000;298.589447;3.11540017E+22;0.00000000;1596183.38;1830.00000
99300.0000;298.594238;3.11853985E+22;0.00000000;1596719.75;1830.00000
99400.0000;298.599030;3.12167954E+22;0.00000000;1597255.75;1830.00000
99500.0000;298.603790;3.12481922E+22;0.00000000;1597791.38;1830.00000
99600.0000;298.608551;3.12795891E+22;0.00000000;1598326.62;1830.00000
99700.0000;298.613312;3.13109859E+22;0.00000000;1598861.62;1830.00000
99800.0000;298.618073;3.13423828E+22;0.00000000;1599396.25;1830.00000
99900.0000;298.622253;3.13737796E+22;0.00000000;1599930.50;1830.00000
100000.000;298.622833;3.14051765E+22;0.00000000;1600000.00;1830.00000